Student_ID,Gender,Age,Degree,CGPA,10th_Percentage,12th_Percentage,Backlogs,Technical_Skills,Communication_Skills,Aptitude_Score,Coding_Score,Internship,Internship_Months,Certifications,Projects,Attendance,Placement_Training,Preferred_Domain,Placement_Status,Company_Type,Package_LPA
STU0001,Female,21,BCA,8.55,70.8,51.6,1,7.0,7.2,48,69,Yes,3,0,5,88.4,Yes,Cyber Security,Not Placed,None,0.0
STU0002,Male,22,BCA,8.17,72.6,74.5,1,8.1,4.6,61,58,Yes,3,1,4,89.8,Yes,Data Analytics,Not Placed,None,0.0
STU0003,Male,22,B.Sc Data Science,8.23,80.3,71.3,2,7.9,7.6,83,58,No,0,1,3,95.5,No,Cloud Computing,Not Placed,None,0.0
STU0004,Male,22,BCA,6.49,76.8,55.6,1,6.6,7.8,68,36,Yes,3,1,5,92.6,Yes,Cyber Security,Not Placed,None,0.0
STU0005,Female,22,BCA,8.68,70.1,78.4,1,7.1,8.0,77,61,Yes,2,1,2,88.5,Yes,Cloud Computing,Not Placed,None,0.0
STU0006,Female,22,B.Tech CSE,7.87,74.3,81.9,0,6.4,3.1,91,57,Yes,2,2,2,92.5,Yes,Networking,Not Placed,None,0.0
STU0007,Female,22,B.Sc Computer Science,7.34,76.8,76.5,1,4.6,9.1,72,56,Yes,3,3,1,75.3,Yes,Software Development,Not Placed,None,0.0
STU0008,Male,22,B.Tech CSE,7.77,54.7,70.4,0,7.4,6.0,60,72,Yes,2,3,3,72.0,Yes,Networking,Not Placed,None,0.0
STU0009,Male,21,B.Sc Networking,6.14,80.6,80.5,0,10.0,8.1,75,76,No,0,1,4,85.3,Yes,Data Analytics,Not Placed,None,0.0
STU0010,Male,21,B.Sc Computer Science,8.0,66.2,81.5,0,5.6,8.2,60,69,No,0,5,4,84.5,No,Data Analytics,Not Placed,None,0.0
STU0011,Female,21,B.Sc Networking,6.78,64.5,77.4,0,5.8,5.8,61,82,Yes,3,2,1,79.6,Yes,Cloud Computing,Placed,Product Company,6.09
STU0012,Male,24,B.Sc Networking,6.5,59.1,64.9,0,5.6,8.1,47,75,Yes,2,1,3,90.6,Yes,Data Analytics,Not Placed,None,0.0
STU0013,Male,23,B.Sc Data Science,6.36,58.1,77.0,2,8.2,6.5,81,60,Yes,2,3,2,69.1,Yes,AI/ML,Not Placed,None,0.0
STU0014,Female,20,B.Sc Networking,8.6,62.4,87.2,0,7.7,4.0,63,57,Yes,3,2,3,79.7,Yes,Cloud Computing,Not Placed,None,0.0
STU0015,Female,22,B.Tech IT,7.12,68.9,67.4,0,6.7,8.9,71,70,No,0,3,1,80.1,Yes,Software Development,Not Placed,None,0.0
STU0016,Female,23,B.Sc Computer Science,8.95,95.5,97.1,0,5.5,5.9,53,75,Yes,1,0,4,70.9,Yes,Software Development,Placed,IT Services,6.06
STU0017,Female,21,B.Sc Computer Science,7.19,70.7,68.2,0,7.1,5.8,74,89,Yes,2,1,2,96.0,Yes,Software Development,Placed,IT Services,4.6
STU0018,Male,22,B.Sc Data Science,6.2,77.8,74.4,0,4.5,6.5,57,85,Yes,4,3,2,73.1,Yes,Networking,Not Placed,None,0.0
STU0019,Female,23,B.Sc Networking,6.7,80.0,66.6,0,7.2,7.5,66,56,No,0,2,4,79.3,Yes,Software Development,Placed,IT Services,2.95
STU0020,Female,20,B.Tech CSE,8.7,77.3,76.5,0,8.4,7.0,80,63,No,0,2,3,91.3,Yes,Cloud Computing,Not Placed,None,0.0
STU0021,Male,22,B.Sc Data Science,7.52,75.2,54.8,0,5.0,7.9,79,76,Yes,3,2,0,89.2,Yes,AI/ML,Not Placed,None,0.0
STU0022,Female,21,B.Tech IT,7.18,64.0,68.0,1,4.5,5.1,68,83,Yes,2,3,3,75.1,Yes,Data Analytics,Not Placed,None,0.0
STU0023,Female,23,B.Sc Data Science,7.79,90.5,62.0,1,9.5,6.0,43,81,Yes,2,1,1,89.5,Yes,Software Development,Placed,Startup,4.57
STU0024,Female,23,B.Sc Networking,8.08,94.1,75.5,0,6.0,6.9,100,64,No,0,2,5,86.3,Yes,Software Development,Not Placed,None,0.0
STU0025,Female,23,B.Sc Computer Science,8.6,59.2,84.9,0,8.8,9.9,92,44,Yes,2,0,3,100.0,Yes,Software Development,Placed,Startup,4.64
STU0026,Male,21,BCA,8.88,65.8,81.1,0,6.8,6.9,78,48,Yes,4,2,2,87.2,Yes,Software Development,Not Placed,None,0.0
STU0027,Female,22,B.Tech CSE,7.34,73.2,47.9,1,6.7,8.7,57,70,Yes,3,3,3,82.9,Yes,Software Development,Not Placed,None,0.0
STU0028,Male,22,B.Sc Data Science,6.52,66.4,96.5,0,7.7,7.2,66,71,No,0,0,1,77.1,Yes,Software Development,Not Placed,None,0.0
STU0029,Male,21,BCA,7.3,81.1,77.2,0,5.6,6.4,60,46,Yes,4,2,4,78.0,Yes,Networking,Not Placed,None,0.0
STU0030,Female,22,B.Tech IT,7.87,68.7,65.5,1,7.2,6.7,86,66,Yes,2,1,5,77.4,No,Networking,Not Placed,None,0.0
STU0031,Male,20,BCA,6.83,97.7,75.7,0,6.4,6.8,72,76,No,0,0,4,95.0,No,Software Development,Not Placed,None,0.0
STU0032,Female,22,B.Tech IT,6.84,87.9,75.9,0,4.9,8.0,57,45,No,0,1,2,84.1,No,Cyber Security,Not Placed,None,0.0
STU0033,Female,21,B.Sc Computer Science,7.94,78.1,66.7,0,7.5,9.2,61,84,No,0,0,2,88.5,No,Cloud Computing,Placed,Startup,3.5
STU0034,Male,21,B.Sc Data Science,7.61,86.3,76.2,2,6.6,7.6,84,59,No,0,1,0,96.1,No,Cloud Computing,Placed,Product Company,3.68
STU0035,Male,20,B.Tech IT,7.68,87.1,67.3,1,6.7,8.9,90,86,Yes,3,1,3,65.1,No,Networking,Placed,IT Services,4.21
STU0036,Male,22,B.Sc Computer Science,7.01,70.4,69.6,0,5.1,5.7,89,56,Yes,4,3,3,94.2,Yes,AI/ML,Not Placed,None,0.0
STU0037,Female,21,B.Sc Networking,7.45,67.8,66.5,0,9.5,6.5,79,48,No,0,3,3,84.4,Yes,Cyber Security,Not Placed,None,0.0
STU0038,Female,22,B.Sc Networking,6.86,76.8,58.2,0,8.4,6.0,64,57,Yes,1,2,4,87.5,Yes,Software Development,Not Placed,None,0.0
STU0039,Male,20,BCA,8.41,84.6,75.6,3,8.5,7.6,30,63,No,0,0,2,77.4,Yes,AI/ML,Not Placed,None,0.0
STU0040,Female,21,BCA,8.53,77.4,80.4,2,6.5,6.6,72,58,No,0,4,0,78.0,No,Software Development,Not Placed,None,0.0
STU0041,Female,22,B.Tech CSE,6.08,60.2,79.7,0,4.2,8.2,68,61,Yes,3,2,1,87.9,Yes,AI/ML,Not Placed,None,0.0
STU0042,Male,22,B.Tech IT,6.86,68.0,83.0,1,10.0,5.7,70,71,Yes,6,0,2,100.0,No,Networking,Not Placed,None,0.0
STU0043,Female,21,B.Tech IT,6.38,75.3,77.6,0,6.9,7.2,69,62,No,0,3,0,92.0,Yes,Networking,Not Placed,None,0.0
STU0044,Male,22,B.Sc Networking,7.1,75.2,68.1,0,5.8,8.1,49,64,No,0,1,3,94.1,Yes,Data Analytics,Not Placed,None,0.0
STU0045,Female,23,B.Tech CSE,7.58,95.7,83.2,0,7.7,4.0,76,36,Yes,3,2,2,82.5,Yes,Software Development,Placed,Product Company,3.81
STU0046,Male,22,B.Tech CSE,6.42,62.1,59.1,0,8.9,10.0,77,72,Yes,1,1,2,79.2,Yes,Data Analytics,Not Placed,None,0.0
STU0047,Female,21,B.Sc Networking,6.87,81.1,64.1,2,7.0,6.7,78,63,Yes,2,1,4,77.8,Yes,Networking,Not Placed,None,0.0
STU0048,Male,20,B.Tech CSE,6.8,90.9,63.4,0,9.0,4.1,81,92,Yes,4,4,2,80.1,No,Data Analytics,Not Placed,None,0.0
STU0049,Male,22,B.Tech IT,7.83,98.0,85.9,0,8.7,7.3,76,49,Yes,3,1,3,67.6,No,Networking,Placed,IT Services,4.69
STU0050,Female,20,B.Sc Networking,7.71,72.0,84.4,2,5.3,7.2,62,34,Yes,1,0,2,78.2,No,Cloud Computing,Not Placed,None,0.0
STU0051,Male,22,B.Sc Computer Science,7.04,80.9,79.4,2,5.9,7.0,67,76,No,0,4,3,79.5,Yes,AI/ML,Not Placed,None,0.0
STU0052,Male,21,B.Sc Computer Science,7.8,81.7,85.8,0,8.5,8.6,69,71,No,0,4,5,82.6,No,AI/ML,Placed,IT Services,3.76
STU0053,Male,23,B.Sc Networking,7.19,78.0,64.3,0,2.7,8.2,70,48,No,0,2,0,85.1,Yes,AI/ML,Not Placed,None,0.0
STU0054,Male,22,B.Sc Data Science,7.42,75.0,77.8,0,6.8,7.5,82,39,Yes,4,1,3,86.9,Yes,Data Analytics,Not Placed,None,0.0
STU0055,Male,24,B.Tech CSE,9.07,80.4,72.6,0,4.7,7.8,77,91,Yes,2,0,4,83.9,No,Data Analytics,Placed,Startup,4.9
STU0056,Male,21,B.Tech CSE,8.79,50.7,83.3,2,6.2,6.9,97,89,No,0,3,3,79.3,Yes,Software Development,Placed,Consulting,4.4
STU0057,Female,22,B.Sc Computer Science,6.55,82.8,72.7,2,6.5,9.8,99,23,Yes,3,0,2,68.3,Yes,Cloud Computing,Not Placed,None,0.0
STU0058,Female,21,B.Sc Computer Science,8.36,77.3,69.8,0,6.4,4.9,69,57,Yes,3,0,2,79.4,Yes,Networking,Not Placed,None,0.0
STU0059,Female,21,B.Tech IT,8.34,73.8,79.9,0,6.1,7.3,30,93,Yes,3,2,3,76.2,No,Networking,Placed,IT Services,3.6
STU0060,Female,22,B.Tech IT,6.67,96.5,83.6,0,5.2,7.2,85,57,No,0,0,4,87.7,Yes,AI/ML,Not Placed,None,0.0
STU0061,Female,22,B.Sc Networking,8.35,69.3,66.6,2,10.0,8.3,60,57,No,0,0,1,91.3,Yes,Cloud Computing,Not Placed,None,0.0
STU0062,Female,24,B.Tech IT,8.96,72.0,73.3,0,10.0,5.8,57,60,Yes,2,1,1,91.5,Yes,AI/ML,Not Placed,None,0.0
STU0063,Male,22,B.Tech CSE,6.7,95.9,62.4,0,5.1,4.5,62,46,No,0,0,2,90.1,No,Software Development,Not Placed,None,0.0
STU0064,Female,21,B.Sc Computer Science,6.87,67.7,46.5,0,9.5,7.3,62,36,Yes,4,0,2,82.9,No,Data Analytics,Not Placed,None,0.0
STU0065,Female,21,B.Sc Networking,8.52,70.5,76.2,0,6.4,7.5,77,83,Yes,3,0,2,79.8,Yes,Cloud Computing,Placed,IT Services,6.52
STU0066,Male,22,B.Tech CSE,7.88,74.5,80.7,0,7.2,9.3,46,34,No,0,1,2,78.0,Yes,Networking,Not Placed,None,0.0
STU0067,Female,21,BCA,8.12,84.4,76.9,0,6.9,5.2,53,69,No,0,2,2,71.9,Yes,AI/ML,Not Placed,None,0.0
STU0068,Male,21,BCA,7.94,78.1,52.6,2,5.9,8.8,73,80,No,0,3,1,91.9,Yes,Networking,Not Placed,None,0.0
STU0069,Female,21,B.Sc Networking,7.98,63.1,70.1,2,8.6,10.0,77,40,Yes,6,1,5,82.6,No,Networking,Not Placed,None,0.0
STU0070,Male,21,B.Sc Computer Science,6.52,70.7,49.6,1,7.2,6.5,77,49,No,0,2,1,74.0,Yes,Networking,Not Placed,None,0.0
STU0071,Male,21,B.Tech CSE,8.54,69.9,89.1,0,6.2,5.2,57,86,No,0,0,2,77.4,Yes,Cloud Computing,Not Placed,None,0.0
STU0072,Female,21,B.Tech IT,8.64,75.2,62.1,0,4.9,6.5,54,74,No,0,0,2,77.1,No,Networking,Not Placed,None,0.0
STU0073,Female,20,BCA,7.46,80.3,87.8,0,5.6,7.1,61,55,Yes,4,1,5,84.3,Yes,Data Analytics,Placed,Product Company,4.9
STU0074,Male,20,B.Tech CSE,7.61,80.2,84.4,0,4.4,7.9,71,85,No,0,2,4,92.5,No,Software Development,Placed,Consulting,4.46
STU0075,Male,24,B.Tech CSE,6.35,58.2,64.1,2,7.0,6.2,89,86,No,0,3,4,81.2,No,Software Development,Not Placed,None,0.0
STU0076,Male,21,B.Tech CSE,8.09,86.6,61.5,0,5.1,9.4,39,70,Yes,4,2,1,66.0,No,Cloud Computing,Placed,IT Services,3.5
STU0077,Male,21,BCA,8.14,78.5,77.9,0,6.6,5.4,65,50,No,0,1,4,82.5,Yes,Cyber Security,Not Placed,None,0.0
STU0078,Female,22,B.Sc Computer Science,7.6,89.8,64.7,2,9.2,4.5,49,58,Yes,4,0,2,82.8,Yes,Cyber Security,Not Placed,None,0.0
STU0079,Female,21,B.Sc Data Science,8.61,80.4,75.1,2,8.9,8.8,45,70,Yes,4,3,2,82.2,No,Cloud Computing,Not Placed,None,0.0
STU0080,Female,23,B.Tech CSE,7.37,87.0,68.7,0,6.9,3.7,82,62,No,0,1,3,79.0,Yes,Software Development,Placed,Startup,3.51
STU0081,Male,22,B.Sc Networking,8.13,80.7,54.4,0,6.9,6.8,76,81,Yes,6,3,4,85.7,Yes,Cloud Computing,Placed,FinTech,5.57
STU0082,Male,21,B.Sc Networking,6.78,89.5,49.5,0,10.0,10.0,74,39,Yes,3,2,4,84.5,Yes,Cyber Security,Not Placed,None,0.0
STU0083,Female,21,B.Sc Computer Science,7.63,81.2,76.5,0,7.8,7.1,81,40,No,0,3,4,83.8,Yes,Data Analytics,Placed,Startup,2.77
STU0084,Female,22,B.Sc Data Science,7.5,75.0,67.8,0,6.5,5.4,61,68,Yes,1,4,5,87.3,No,AI/ML,Not Placed,None,0.0
STU0085,Female,23,B.Tech IT,7.84,98.0,67.9,0,4.7,7.0,62,57,Yes,2,4,2,80.6,Yes,Networking,Not Placed,None,0.0
STU0086,Female,21,B.Sc Computer Science,7.34,84.9,81.7,2,7.6,7.0,99,54,No,0,2,3,80.1,Yes,Software Development,Not Placed,None,0.0
STU0087,Male,22,B.Sc Networking,7.54,81.7,86.9,0,8.3,7.3,65,35,Yes,3,2,0,95.0,No,Networking,Not Placed,None,0.0
STU0088,Male,21,B.Tech IT,8.35,63.2,71.0,0,6.0,8.1,78,65,Yes,2,1,4,88.5,No,Software Development,Not Placed,None,0.0
STU0089,Male,24,B.Tech CSE,7.28,63.1,70.3,0,7.5,5.5,68,64,Yes,1,4,1,90.6,Yes,Software Development,Placed,Startup,2.41
STU0090,Female,21,B.Sc Computer Science,6.28,78.9,79.5,0,6.4,9.6,42,76,Yes,1,1,4,93.8,Yes,Cloud Computing,Not Placed,None,0.0
STU0091,Female,23,B.Tech CSE,9.14,77.5,59.1,1,6.7,7.5,39,66,No,0,0,2,88.2,Yes,Data Analytics,Not Placed,None,0.0
STU0092,Male,22,B.Sc Data Science,8.82,69.9,76.5,0,3.0,8.2,60,63,No,0,1,2,91.4,Yes,Software Development,Not Placed,None,0.0
STU0093,Male,22,BCA,6.55,77.4,80.1,0,6.6,6.2,83,85,Yes,2,0,0,71.4,No,Cyber Security,Placed,IT Services,4.2
STU0094,Male,21,B.Tech IT,8.24,91.9,81.5,0,8.6,9.0,79,43,No,0,2,2,85.6,Yes,Networking,Placed,Startup,5.91
STU0095,Male,21,BCA,7.22,83.0,52.7,1,6.0,6.7,81,74,Yes,1,2,4,82.5,Yes,AI/ML,Placed,Startup,4.4
STU0096,Male,21,B.Tech CSE,7.87,64.6,65.6,0,7.1,7.5,54,37,Yes,6,1,0,97.4,Yes,AI/ML,Placed,IT Services,4.04
STU0097,Male,21,B.Tech IT,7.9,74.9,64.3,1,5.8,5.7,91,51,No,0,0,2,91.4,Yes,AI/ML,Not Placed,None,0.0
STU0098,Female,21,B.Tech IT,7.45,68.0,75.1,0,7.6,5.6,54,44,No,0,4,0,79.0,Yes,Cyber Security,Not Placed,None,0.0
STU0099,Female,22,B.Tech CSE,6.98,72.1,79.3,0,6.7,8.1,71,78,Yes,3,3,2,87.0,Yes,Cyber Security,Not Placed,None,0.0
STU0100,Female,21,B.Sc Computer Science,7.06,71.9,90.5,0,5.5,6.4,68,64,Yes,4,3,2,85.3,No,Software Development,Not Placed,None,0.0
STU0101,Female,20,B.Sc Data Science,6.87,71.2,68.6,2,9.1,5.8,66,65,Yes,3,1,2,87.6,Yes,Networking,Not Placed,None,0.0
STU0102,Male,23,B.Tech IT,6.94,63.4,68.5,2,8.5,6.1,87,46,Yes,4,3,4,75.8,No,Data Analytics,Not Placed,None,0.0
STU0103,Female,23,B.Sc Networking,7.59,74.7,86.6,0,6.0,8.1,58,60,Yes,2,2,3,86.9,Yes,Data Analytics,Not Placed,None,0.0
STU0104,Male,23,B.Tech CSE,7.04,70.4,77.3,0,7.8,6.2,49,52,No,0,1,2,82.2,Yes,AI/ML,Not Placed,None,0.0
STU0105,Male,24,B.Tech CSE,8.23,46.7,87.9,0,7.9,6.9,68,72,Yes,1,0,3,86.3,Yes,Software Development,Placed,FinTech,4.16
STU0106,Female,21,BCA,8.91,96.5,77.2,0,8.0,7.1,62,48,No,0,1,1,78.2,Yes,Networking,Not Placed,None,0.0
STU0107,Female,21,B.Tech CSE,7.16,86.9,61.3,0,4.3,4.2,100,88,Yes,2,0,2,79.3,Yes,Data Analytics,Not Placed,None,0.0
STU0108,Male,22,B.Sc Data Science,7.85,72.2,59.3,2,8.6,4.9,77,37,Yes,4,5,3,93.4,Yes,AI/ML,Placed,Startup,3.14
STU0109,Female,22,BCA,8.07,76.2,56.9,2,6.1,7.6,62,51,Yes,1,0,2,75.6,No,Cloud Computing,Not Placed,None,0.0
STU0110,Female,21,B.Sc Data Science,8.05,64.3,81.3,0,6.4,6.0,53,94,Yes,3,1,3,76.2,No,Networking,Not Placed,None,0.0
STU0111,Female,22,B.Sc Networking,7.71,93.0,87.1,0,10.0,8.7,42,58,No,0,1,3,83.6,Yes,Software Development,Not Placed,None,0.0
STU0112,Female,21,BCA,8.28,95.0,94.3,1,7.5,8.6,54,43,Yes,4,1,4,77.8,Yes,Cloud Computing,Not Placed,None,0.0
STU0113,Male,21,BCA,8.06,77.6,83.3,1,6.4,8.2,70,69,Yes,6,2,5,76.9,No,Cloud Computing,Placed,Product Company,5.76
STU0114,Male,22,B.Sc Data Science,6.6,86.2,86.8,0,3.5,9.8,88,57,No,0,0,1,84.8,Yes,Software Development,Not Placed,None,0.0
STU0115,Male,22,B.Tech IT,8.39,77.8,67.6,0,9.2,7.0,84,51,No,0,3,2,72.0,No,Cyber Security,Not Placed,None,0.0
STU0116,Male,22,B.Sc Networking,8.4,62.6,61.3,0,4.8,8.1,71,46,Yes,4,1,2,75.9,No,Cloud Computing,Not Placed,None,0.0
STU0117,Male,21,B.Sc Computer Science,7.0,71.9,83.4,0,5.4,6.2,63,100,Yes,6,2,1,100.0,Yes,Software Development,Placed,Product Company,5.23
STU0118,Female,22,B.Tech IT,7.68,77.3,78.6,0,6.5,10.0,72,61,No,0,2,4,87.7,Yes,Cyber Security,Placed,IT Services,2.77
STU0119,Male,21,B.Sc Networking,8.23,71.5,75.2,0,9.3,10.0,61,32,No,0,4,4,78.0,Yes,AI/ML,Not Placed,None,0.0
STU0120,Male,21,B.Sc Data Science,7.47,73.8,78.3,0,8.2,7.1,92,90,No,0,3,3,87.3,No,AI/ML,Not Placed,None,0.0
STU0121,Male,23,B.Tech CSE,8.56,75.1,77.6,0,6.7,7.7,65,75,Yes,3,2,3,88.5,Yes,Software Development,Placed,Startup,4.72
STU0122,Male,23,B.Tech IT,9.66,75.2,88.1,0,7.5,9.1,67,52,No,0,1,1,92.0,No,AI/ML,Placed,IT Services,2.63
STU0123,Female,22,B.Sc Data Science,6.98,76.5,88.2,0,6.0,6.9,37,49,Yes,2,2,3,83.0,Yes,Cloud Computing,Not Placed,None,0.0
STU0124,Female,22,B.Sc Computer Science,6.48,65.4,80.0,1,7.2,6.1,65,76,Yes,3,3,4,91.8,Yes,Data Analytics,Not Placed,None,0.0
STU0125,Female,22,B.Sc Data Science,7.91,68.8,83.3,1,7.1,8.4,80,61,No,0,3,3,67.7,Yes,Data Analytics,Not Placed,None,0.0
STU0126,Female,22,B.Tech CSE,8.26,63.2,79.7,0,8.6,7.2,53,32,Yes,1,0,2,75.5,Yes,Networking,Not Placed,None,0.0
STU0127,Male,21,B.Tech IT,7.45,85.8,68.9,0,8.5,7.4,57,95,Yes,4,1,3,85.3,Yes,Software Development,Not Placed,None,0.0
STU0128,Male,21,B.Sc Networking,8.89,54.9,82.3,3,7.8,5.8,79,58,Yes,3,3,2,86.6,Yes,Cloud Computing,Not Placed,None,0.0
STU0129,Female,21,B.Sc Data Science,6.51,87.5,58.7,0,6.4,4.5,47,90,Yes,6,1,3,76.7,Yes,Cyber Security,Not Placed,None,0.0
STU0130,Male,21,B.Sc Computer Science,8.24,89.9,85.6,0,8.2,7.5,83,87,No,0,1,3,86.1,Yes,Software Development,Placed,Consulting,5.99
STU0131,Female,22,B.Sc Networking,7.14,73.0,60.9,0,6.9,8.5,61,48,No,0,1,2,79.0,Yes,Data Analytics,Not Placed,None,0.0
STU0132,Female,21,B.Sc Networking,9.11,50.0,77.1,0,5.3,6.8,63,83,Yes,3,2,4,81.8,No,Cloud Computing,Not Placed,None,0.0
STU0133,Female,21,B.Tech IT,9.34,72.4,64.7,0,6.4,9.3,52,54,Yes,2,5,4,92.2,Yes,Networking,Placed,Product Company,5.8
STU0134,Female,21,B.Tech IT,7.0,75.4,80.1,2,7.1,6.0,73,33,No,0,2,0,91.3,Yes,AI/ML,Not Placed,None,0.0
STU0135,Male,22,B.Tech CSE,7.18,65.9,73.6,0,8.5,5.5,100,58,No,0,1,5,76.0,No,Data Analytics,Not Placed,None,0.0
STU0136,Female,20,B.Sc Data Science,8.38,70.8,56.5,0,6.7,7.0,79,72,Yes,4,0,3,75.5,No,AI/ML,Placed,IT Services,3.43
STU0137,Male,22,B.Sc Networking,7.32,91.3,78.6,2,5.1,7.0,56,57,No,0,0,3,80.7,Yes,Networking,Not Placed,None,0.0
STU0138,Male,21,B.Tech CSE,7.61,82.6,67.6,0,7.1,8.3,84,60,No,0,2,4,83.8,Yes,Cloud Computing,Not Placed,None,0.0
STU0139,Female,21,BCA,7.67,66.8,83.7,0,7.2,5.9,64,84,Yes,3,2,3,78.7,No,Software Development,Not Placed,None,0.0
STU0140,Male,22,B.Tech CSE,6.02,60.0,74.0,0,7.3,9.2,87,67,Yes,2,1,4,92.3,No,Software Development,Not Placed,None,0.0
STU0141,Male,22,B.Tech CSE,7.64,72.7,78.3,0,8.5,10.0,79,51,Yes,1,2,2,86.8,No,Cloud Computing,Not Placed,None,0.0
STU0142,Female,21,B.Tech IT,7.06,73.9,63.5,0,8.6,7.0,30,77,No,0,3,1,87.2,Yes,Data Analytics,Placed,IT Services,5.62
STU0143,Male,22,B.Tech CSE,7.23,81.0,67.5,0,6.0,9.0,54,68,Yes,1,1,3,73.9,Yes,Software Development,Placed,IT Services,2.49
STU0144,Female,22,BCA,8.88,70.6,69.0,0,6.0,5.5,81,22,Yes,4,1,4,93.3,Yes,Networking,Placed,IT Services,3.62
STU0145,Female,21,B.Sc Computer Science,6.58,81.1,83.4,0,5.3,8.7,70,72,Yes,2,5,4,61.4,No,Software Development,Placed,Product Company,4.35
STU0146,Female,22,B.Tech CSE,8.34,95.4,92.5,0,8.1,8.7,54,72,No,0,1,3,90.7,Yes,Software Development,Not Placed,None,0.0
STU0147,Male,22,B.Sc Computer Science,7.41,84.2,65.1,0,9.3,8.4,59,65,Yes,6,3,3,91.5,Yes,Data Analytics,Placed,IT Services,4.34
STU0148,Male,22,B.Sc Computer Science,7.41,75.5,85.8,0,6.5,7.1,41,80,No,0,1,2,80.5,No,Software Development,Not Placed,None,0.0
STU0149,Female,22,B.Sc Computer Science,8.32,74.2,50.1,0,6.6,2.7,67,54,No,0,3,5,94.2,Yes,Software Development,Not Placed,None,0.0
STU0150,Female,22,B.Tech CSE,7.94,72.4,60.9,0,9.3,6.1,99,71,Yes,2,3,2,83.5,Yes,Cloud Computing,Not Placed,None,0.0
STU0151,Male,22,B.Sc Computer Science,8.14,87.8,63.5,2,7.8,6.2,79,38,Yes,1,2,4,84.5,Yes,AI/ML,Placed,Product Company,6.27
STU0152,Female,22,B.Sc Networking,8.47,69.7,59.1,0,7.7,5.6,99,72,Yes,1,3,3,86.7,Yes,AI/ML,Placed,IT Services,4.21
STU0153,Female,22,B.Tech CSE,7.37,76.5,56.6,0,5.1,7.3,80,98,No,0,4,3,100.0,Yes,Data Analytics,Not Placed,None,0.0
STU0154,Male,22,B.Tech CSE,7.13,76.5,78.5,1,8.1,6.5,82,48,Yes,3,2,2,94.8,Yes,Cloud Computing,Placed,Consulting,5.15
STU0155,Male,22,B.Sc Networking,6.73,71.0,71.6,0,5.5,5.9,96,52,Yes,2,1,5,89.6,Yes,Software Development,Placed,IT Services,4.05
STU0156,Female,22,BCA,6.95,62.3,78.2,0,5.2,5.5,73,53,Yes,2,1,3,76.7,Yes,Data Analytics,Not Placed,None,0.0
STU0157,Male,21,B.Sc Networking,9.8,79.2,81.6,1,6.4,6.0,65,67,Yes,4,3,5,85.1,Yes,AI/ML,Placed,IT Services,5.33
STU0158,Male,23,B.Sc Computer Science,8.71,75.4,76.9,1,6.1,8.8,82,47,No,0,2,0,77.5,Yes,AI/ML,Not Placed,None,0.0
STU0159,Female,22,B.Sc Computer Science,6.5,81.0,81.2,0,6.6,6.1,88,72,No,0,0,3,90.6,Yes,Cyber Security,Not Placed,None,0.0
STU0160,Male,20,B.Tech CSE,6.53,70.7,73.2,0,4.7,6.3,61,79,No,0,0,4,85.1,Yes,Cloud Computing,Not Placed,None,0.0
STU0161,Female,22,B.Tech IT,8.06,88.2,60.9,0,8.5,6.4,58,74,Yes,2,2,4,75.0,Yes,AI/ML,Not Placed,None,0.0
STU0162,Male,21,B.Tech IT,8.12,67.2,85.6,1,8.8,7.6,70,35,Yes,4,1,4,84.6,Yes,Data Analytics,Placed,Product Company,6.11
STU0163,Male,21,B.Sc Computer Science,8.12,93.1,67.5,0,3.9,7.8,80,82,No,0,2,0,77.2,Yes,Cyber Security,Placed,IT Services,4.51
STU0164,Male,22,B.Tech CSE,7.43,58.5,63.7,0,8.6,2.5,79,81,Yes,1,3,0,85.2,Yes,Software Development,Not Placed,None,0.0
STU0165,Female,21,B.Sc Computer Science,7.54,80.3,72.0,1,5.7,8.6,48,79,No,0,2,3,77.1,Yes,Networking,Placed,Startup,3.16
STU0166,Male,22,B.Sc Data Science,7.93,80.8,64.0,0,8.4,9.3,95,71,Yes,3,0,0,84.2,Yes,Software Development,Placed,IT Services,3.94
STU0167,Female,22,B.Tech IT,7.72,68.0,69.4,1,6.9,5.5,59,69,Yes,4,0,5,90.0,No,Cloud Computing,Not Placed,None,0.0
STU0168,Female,21,B.Sc Networking,5.76,80.2,77.8,0,7.0,5.6,64,83,No,0,1,2,83.6,Yes,Software Development,Not Placed,None,0.0
STU0169,Female,20,B.Tech CSE,7.45,88.8,77.8,0,6.7,6.4,55,98,No,0,1,3,80.9,Yes,Cyber Security,Not Placed,None,0.0
STU0170,Male,21,BCA,6.93,53.8,64.1,0,8.9,6.0,100,49,No,0,2,1,85.6,Yes,Cloud Computing,Placed,Product Company,4.59
STU0171,Male,22,B.Tech CSE,7.8,81.0,68.6,1,5.0,7.4,71,83,Yes,3,2,3,89.6,No,Cloud Computing,Not Placed,None,0.0
STU0172,Female,24,B.Sc Networking,9.8,51.1,85.8,0,8.0,4.2,56,64,Yes,6,1,2,75.1,Yes,Cloud Computing,Placed,Startup,5.55
STU0173,Male,22,B.Sc Networking,7.96,66.3,79.5,0,8.8,5.4,80,63,Yes,4,0,1,86.1,Yes,Software Development,Not Placed,None,0.0
STU0174,Female,21,B.Tech CSE,7.38,92.3,96.8,0,8.1,9.4,79,39,No,0,0,2,94.5,Yes,AI/ML,Not Placed,None,0.0
STU0175,Male,22,BCA,8.43,70.2,87.0,0,10.0,5.7,65,60,No,0,5,2,88.6,Yes,Cloud Computing,Placed,IT Services,5.37
STU0176,Female,22,B.Tech CSE,8.06,64.3,86.6,2,6.2,9.0,80,48,Yes,4,1,5,84.5,No,Cloud Computing,Placed,Startup,3.69
STU0177,Male,22,BCA,8.01,74.0,58.7,0,8.5,7.6,56,57,No,0,3,2,89.1,Yes,AI/ML,Not Placed,None,0.0
STU0178,Female,21,B.Tech IT,8.17,96.7,82.4,0,6.8,4.4,61,46,No,0,3,3,87.6,No,AI/ML,Not Placed,None,0.0
STU0179,Male,22,B.Tech CSE,9.4,57.7,73.4,2,9.0,8.1,40,57,No,0,2,5,90.0,Yes,Cloud Computing,Not Placed,None,0.0
STU0180,Female,22,B.Tech IT,6.69,65.5,67.9,0,7.0,6.9,49,58,Yes,1,2,4,67.8,Yes,Data Analytics,Not Placed,None,0.0
STU0181,Female,23,BCA,8.05,91.0,75.8,0,6.4,6.4,93,67,Yes,6,0,5,71.6,Yes,Data Analytics,Placed,Startup,4.59
STU0182,Female,21,BCA,6.86,94.6,84.4,0,9.1,7.5,91,38,No,0,2,5,92.0,Yes,Cyber Security,Placed,Consulting,3.29
STU0183,Male,22,B.Sc Networking,8.12,75.0,79.5,1,6.2,7.8,69,40,No,0,1,3,72.0,Yes,Software Development,Not Placed,None,0.0
STU0184,Male,23,BCA,6.87,63.6,64.3,0,4.7,8.2,91,71,No,0,3,3,87.2,Yes,AI/ML,Placed,FinTech,4.65
STU0185,Female,21,B.Tech IT,7.3,97.0,82.2,0,6.2,8.9,66,51,No,0,0,1,81.2,Yes,Cloud Computing,Not Placed,None,0.0
STU0186,Male,23,B.Sc Data Science,7.4,91.9,67.0,0,8.0,7.7,65,83,No,0,3,3,76.0,No,Networking,Placed,Product Company,4.84
STU0187,Male,22,B.Tech CSE,8.48,82.8,76.4,0,9.2,5.0,69,69,Yes,3,0,4,86.8,Yes,Software Development,Not Placed,None,0.0
STU0188,Male,20,B.Tech CSE,8.43,67.9,70.7,0,7.2,6.4,66,75,Yes,2,4,3,85.6,Yes,Software Development,Placed,IT Services,6.17
STU0189,Male,21,B.Tech CSE,6.59,75.5,71.6,0,9.1,10.0,65,89,Yes,3,1,3,100.0,Yes,AI/ML,Placed,Startup,5.12
STU0190,Female,22,B.Tech CSE,7.7,74.4,82.4,0,4.8,8.2,84,60,Yes,1,2,4,79.0,Yes,Software Development,Not Placed,None,0.0
STU0191,Female,20,BCA,7.05,79.3,62.6,0,6.3,10.0,70,55,Yes,1,2,2,95.5,Yes,Cloud Computing,Placed,IT Services,3.99
STU0192,Male,22,B.Sc Data Science,6.58,90.5,95.4,0,6.5,9.2,78,80,Yes,1,1,4,86.8,No,Software Development,Not Placed,None,0.0
STU0193,Male,21,B.Tech CSE,7.47,84.8,54.0,1,6.8,7.5,82,74,Yes,2,2,3,78.7,No,Software Development,Not Placed,None,0.0
STU0194,Male,22,B.Tech IT,7.39,65.2,67.4,1,7.1,7.6,73,62,Yes,4,4,2,90.4,Yes,AI/ML,Placed,Startup,4.21
STU0195,Female,20,B.Sc Networking,9.71,89.8,78.1,1,8.1,7.0,54,89,Yes,4,0,4,88.5,Yes,Software Development,Placed,IT Services,5.52
STU0196,Female,22,B.Sc Computer Science,8.02,79.1,80.4,0,6.3,4.5,49,61,Yes,2,4,3,84.3,Yes,Data Analytics,Not Placed,None,0.0
STU0197,Male,23,B.Sc Computer Science,6.48,82.9,72.9,0,7.2,7.1,70,66,Yes,3,2,4,86.1,No,Data Analytics,Not Placed,None,0.0
STU0198,Male,23,B.Tech CSE,7.17,90.7,73.4,0,6.9,8.9,66,65,No,0,3,3,79.2,Yes,Cyber Security,Placed,IT Services,2.99
STU0199,Male,22,B.Tech IT,8.52,64.9,78.5,2,5.5,6.2,69,49,Yes,2,1,2,77.4,Yes,Data Analytics,Placed,FinTech,3.73
STU0200,Male,21,B.Sc Computer Science,9.43,75.6,71.5,1,6.8,7.7,68,66,Yes,2,1,4,90.1,No,Networking,Placed,FinTech,5.13
STU0201,Male,22,B.Sc Data Science,6.3,70.7,89.3,1,6.8,8.4,100,89,No,0,3,3,82.2,No,Cyber Security,Not Placed,None,0.0
STU0202,Female,20,B.Sc Networking,6.05,60.3,83.2,0,6.7,5.7,49,73,No,0,1,2,83.4,Yes,Data Analytics,Not Placed,None,0.0
STU0203,Female,20,B.Sc Computer Science,9.24,79.5,83.6,0,7.1,6.4,40,66,Yes,1,2,1,86.2,No,Data Analytics,Not Placed,None,0.0
STU0204,Male,21,B.Sc Networking,7.98,98.0,63.4,0,7.1,5.6,73,62,No,0,0,4,86.1,Yes,AI/ML,Placed,IT Services,2.62
STU0205,Male,21,B.Tech CSE,6.91,57.6,73.1,0,6.3,5.9,63,71,No,0,0,0,72.6,Yes,Cyber Security,Not Placed,None,0.0
STU0206,Female,22,B.Sc Data Science,8.1,75.7,70.7,0,9.0,5.2,72,78,No,0,2,4,94.3,Yes,Cyber Security,Not Placed,None,0.0
STU0207,Female,22,BCA,5.41,82.4,62.9,2,5.1,5.7,76,75,Yes,2,2,2,85.0,No,AI/ML,Not Placed,None,0.0
STU0208,Male,21,B.Tech CSE,7.65,77.2,78.0,0,5.8,9.2,86,59,No,0,2,3,82.4,Yes,Cloud Computing,Not Placed,None,0.0
STU0209,Female,21,BCA,7.93,74.9,68.1,0,10.0,5.7,47,71,Yes,1,0,5,87.4,Yes,Software Development,Not Placed,None,0.0
STU0210,Female,24,B.Sc Data Science,8.44,63.0,81.2,0,5.3,7.3,60,73,Yes,2,1,1,85.9,No,Software Development,Not Placed,None,0.0
STU0211,Male,21,B.Tech CSE,6.79,78.3,62.2,2,4.8,6.3,74,48,No,0,1,3,90.1,Yes,Networking,Not Placed,None,0.0
STU0212,Male,21,B.Tech CSE,7.72,68.4,92.9,0,8.2,8.9,79,68,Yes,1,2,4,88.3,No,Cyber Security,Placed,Startup,2.7
STU0213,Male,21,B.Sc Networking,6.86,54.1,64.1,0,3.7,9.1,99,28,No,0,3,4,89.7,Yes,Cyber Security,Placed,IT Services,3.2
STU0214,Female,22,B.Sc Data Science,7.87,87.9,76.4,2,6.6,8.4,81,73,Yes,2,3,3,94.8,Yes,Data Analytics,Not Placed,None,0.0
STU0215,Male,22,B.Tech CSE,6.89,85.6,82.7,0,10.0,7.6,67,76,No,0,0,3,91.1,Yes,AI/ML,Placed,IT Services,4.37
STU0216,Female,21,BCA,7.3,76.5,67.7,0,4.5,6.8,56,78,Yes,3,4,4,82.7,No,Networking,Not Placed,None,0.0
STU0217,Female,21,B.Tech CSE,6.8,78.3,83.4,0,3.8,5.3,60,58,Yes,2,1,4,75.0,Yes,Data Analytics,Not Placed,None,0.0
STU0218,Male,22,BCA,8.2,86.7,60.5,0,4.6,10.0,60,70,No,0,3,4,97.3,Yes,Software Development,Not Placed,None,0.0
STU0219,Male,22,B.Tech CSE,8.38,78.2,90.0,1,8.4,6.0,77,89,Yes,3,0,2,82.1,Yes,Networking,Placed,FinTech,4.88
STU0220,Male,21,B.Sc Networking,7.45,85.0,74.2,1,8.8,8.1,72,89,Yes,4,2,5,80.2,No,Cloud Computing,Placed,IT Services,5.1
STU0221,Male,23,B.Tech CSE,7.68,73.0,67.4,0,6.2,8.7,49,65,No,0,1,3,70.1,Yes,AI/ML,Not Placed,None,0.0
STU0222,Male,21,B.Tech IT,6.42,89.1,70.7,0,8.1,6.3,62,67,Yes,6,1,0,86.7,Yes,Software Development,Placed,Consulting,4.35
STU0223,Female,21,B.Sc Networking,7.4,79.2,82.9,0,9.2,8.7,80,84,No,0,0,2,85.2,Yes,Cyber Security,Placed,IT Services,3.87
STU0224,Female,23,BCA,7.61,77.9,67.6,0,9.9,8.2,73,39,Yes,6,0,1,71.9,No,Software Development,Not Placed,None,0.0
STU0225,Female,21,B.Sc Networking,9.8,63.3,65.8,0,6.6,9.7,76,60,Yes,3,0,1,87.6,Yes,Networking,Placed,Startup,4.71
STU0226,Female,22,B.Sc Computer Science,6.7,78.9,71.6,0,3.3,6.4,73,88,No,0,1,2,80.0,Yes,Software Development,Placed,FinTech,4.5
STU0227,Male,21,BCA,8.89,67.7,61.1,0,5.7,5.2,91,82,Yes,4,0,1,100.0,No,Software Development,Placed,IT Services,7.67
STU0228,Female,21,B.Tech IT,8.5,69.6,94.0,1,6.3,6.3,71,71,No,0,2,3,79.4,No,AI/ML,Not Placed,None,0.0
STU0229,Male,24,BCA,7.89,67.8,67.8,0,6.6,7.4,63,39,No,0,0,1,80.5,Yes,Cloud Computing,Not Placed,None,0.0
STU0230,Male,21,BCA,9.14,65.3,83.1,0,6.7,7.2,55,64,Yes,2,2,2,77.0,No,AI/ML,Not Placed,None,0.0
STU0231,Male,23,B.Tech CSE,7.97,97.2,76.3,0,8.8,6.5,71,55,No,0,0,1,94.2,Yes,AI/ML,Placed,Startup,5.1
STU0232,Male,21,B.Sc Networking,7.98,89.3,63.2,1,9.0,4.2,34,71,No,0,4,1,81.0,Yes,AI/ML,Placed,IT Services,4.53
STU0233,Male,21,B.Sc Data Science,7.6,95.2,73.9,0,6.7,7.8,65,51,Yes,3,4,2,78.2,Yes,Software Development,Not Placed,None,0.0
STU0234,Male,20,B.Tech CSE,8.69,63.8,82.6,0,8.8,10.0,65,48,No,0,1,3,89.7,Yes,AI/ML,Placed,Product Company,5.04
STU0235,Female,22,B.Tech CSE,8.58,76.7,71.9,0,7.6,7.8,49,30,Yes,2,2,5,73.0,No,Software Development,Not Placed,None,0.0
STU0236,Male,21,B.Tech IT,7.12,63.1,87.1,1,7.1,8.0,55,86,Yes,6,0,4,89.0,Yes,Cloud Computing,Placed,IT Services,4.24
STU0237,Female,22,B.Sc Data Science,6.53,69.0,85.2,0,8.5,8.0,79,58,No,0,4,4,98.3,Yes,Networking,Not Placed,None,0.0
STU0238,Female,21,BCA,7.48,66.8,84.1,1,7.1,7.7,71,68,No,0,2,2,88.5,Yes,AI/ML,Not Placed,None,0.0
STU0239,Male,23,B.Sc Networking,6.97,88.4,68.9,2,10.0,8.5,69,65,No,0,0,2,89.1,Yes,Cloud Computing,Not Placed,None,0.0
STU0240,Female,21,BCA,7.6,72.0,62.1,1,4.7,7.7,72,47,No,0,1,1,91.0,Yes,Software Development,Not Placed,None,0.0
STU0241,Male,22,B.Tech CSE,8.7,86.7,67.3,0,6.2,6.6,69,44,No,0,0,4,97.7,Yes,Cloud Computing,Placed,IT Services,4.82
STU0242,Male,22,B.Sc Networking,7.26,82.0,76.2,0,6.8,5.9,85,48,No,0,1,1,93.7,Yes,Networking,Not Placed,None,0.0
STU0243,Male,22,B.Tech IT,7.61,98.0,80.0,0,7.7,6.7,70,53,Yes,2,2,3,87.5,No,Cloud Computing,Not Placed,None,0.0
STU0244,Female,22,B.Sc Data Science,7.7,61.2,50.1,3,9.0,7.6,48,71,Yes,4,1,2,91.2,Yes,Cyber Security,Not Placed,None,0.0
STU0245,Female,22,B.Tech CSE,8.37,88.6,73.9,0,7.0,6.6,91,51,Yes,6,1,2,76.9,Yes,Software Development,Not Placed,None,0.0
STU0246,Male,22,B.Tech IT,5.74,87.5,75.7,0,4.7,7.6,73,95,No,0,0,5,90.2,Yes,AI/ML,Not Placed,None,0.0
STU0247,Female,21,B.Sc Networking,7.13,66.3,70.9,0,8.3,7.8,60,82,Yes,2,1,4,76.0,Yes,Data Analytics,Placed,Consulting,6.34
STU0248,Male,20,B.Tech CSE,7.83,86.1,88.2,0,8.2,8.3,50,79,Yes,3,0,4,81.1,No,AI/ML,Placed,IT Services,4.77
STU0249,Male,23,B.Tech IT,8.67,79.4,78.6,0,3.9,9.0,74,63,Yes,4,3,3,59.3,No,Software Development,Not Placed,None,0.0
STU0250,Male,22,B.Sc Networking,7.23,73.7,88.4,0,7.0,7.2,66,91,No,0,0,4,87.2,Yes,Data Analytics,Not Placed,None,0.0
STU0251,Female,22,B.Sc Networking,6.05,67.8,71.6,0,4.5,5.1,90,61,No,0,2,3,78.8,Yes,Software Development,Not Placed,None,0.0
STU0252,Female,21,B.Sc Data Science,8.18,68.8,84.3,1,5.9,6.6,63,64,Yes,3,1,5,92.9,Yes,Software Development,Placed,IT Services,4.29
STU0253,Male,21,B.Tech CSE,7.11,96.5,92.0,0,5.6,7.2,56,68,Yes,6,1,2,87.1,Yes,Cyber Security,Placed,IT Services,2.42
STU0254,Female,21,B.Tech CSE,6.64,76.0,88.4,0,8.3,4.3,81,77,Yes,2,2,3,93.0,Yes,Data Analytics,Not Placed,None,0.0
STU0255,Female,22,B.Tech CSE,7.12,83.8,62.0,0,7.2,9.2,81,76,Yes,3,1,3,75.3,No,Cyber Security,Not Placed,None,0.0
STU0256,Male,21,B.Tech IT,7.49,68.1,71.2,0,4.9,7.3,70,57,Yes,6,1,2,92.3,No,Cyber Security,Not Placed,None,0.0
STU0257,Male,21,B.Tech IT,7.14,68.2,70.2,1,8.4,7.7,77,56,No,0,2,4,100.0,Yes,Networking,Placed,IT Services,2.72
STU0258,Male,21,B.Sc Computer Science,5.78,86.8,79.4,0,4.7,9.1,67,76,No,0,2,5,90.1,No,Data Analytics,Not Placed,None,0.0
STU0259,Male,20,BCA,8.41,62.5,81.5,0,7.5,6.2,71,77,Yes,3,1,3,90.3,No,Networking,Placed,Consulting,4.37
STU0260,Female,22,B.Sc Computer Science,8.73,71.8,64.8,0,5.7,8.0,84,58,Yes,6,2,2,85.4,No,Software Development,Placed,IT Services,3.53
STU0261,Male,21,B.Tech CSE,8.2,76.3,74.7,2,6.4,6.9,77,38,Yes,3,2,3,79.8,No,Data Analytics,Placed,Product Company,5.29
STU0262,Male,22,B.Tech IT,6.68,77.1,51.8,0,7.8,6.8,66,61,Yes,4,0,4,90.1,Yes,AI/ML,Not Placed,None,0.0
STU0263,Female,21,B.Sc Data Science,7.48,74.2,89.9,1,7.8,5.9,87,76,Yes,3,1,3,72.0,Yes,Cloud Computing,Not Placed,None,0.0
STU0264,Male,21,B.Sc Computer Science,7.64,80.0,68.4,0,9.1,9.6,35,96,Yes,3,0,1,80.7,No,Cloud Computing,Not Placed,None,0.0
STU0265,Male,20,B.Tech IT,8.16,82.9,74.6,0,6.9,6.5,97,45,Yes,2,0,3,69.8,No,Cloud Computing,Not Placed,None,0.0
STU0266,Male,20,B.Tech IT,8.22,83.3,70.6,0,7.5,8.1,44,58,No,0,2,0,78.4,No,Software Development,Not Placed,None,0.0
STU0267,Male,21,B.Tech IT,7.03,66.1,86.6,1,6.3,4.3,59,58,No,0,3,4,89.1,Yes,Cyber Security,Placed,Consulting,2.4
STU0268,Male,21,B.Tech CSE,7.72,73.2,45.0,0,7.3,8.9,67,88,No,0,4,2,88.0,Yes,Cyber Security,Placed,Consulting,4.02
STU0269,Female,22,BCA,8.04,87.9,73.8,2,7.7,8.7,66,64,Yes,3,0,3,84.4,Yes,Data Analytics,Not Placed,None,0.0
STU0270,Female,21,B.Tech IT,8.89,84.9,72.8,0,6.8,7.2,82,50,No,0,1,4,85.4,Yes,AI/ML,Not Placed,None,0.0
STU0271,Male,22,B.Sc Networking,8.25,62.3,69.0,0,4.1,6.8,53,74,No,0,2,1,68.9,Yes,Networking,Not Placed,None,0.0
STU0272,Male,22,B.Sc Computer Science,8.32,79.5,93.0,0,7.5,7.7,72,58,Yes,1,0,1,81.0,Yes,Cloud Computing,Placed,Startup,4.06
STU0273,Male,22,B.Sc Computer Science,7.72,56.2,64.2,1,7.6,10.0,60,44,Yes,4,3,2,78.5,Yes,Cloud Computing,Placed,IT Services,3.47
STU0274,Male,20,B.Tech IT,8.85,76.5,82.5,0,5.9,4.5,72,50,Yes,3,3,2,78.7,Yes,Cyber Security,Placed,Consulting,6.04
STU0275,Male,21,B.Sc Data Science,8.0,95.0,77.9,1,4.9,8.3,67,94,Yes,2,4,2,88.8,Yes,Data Analytics,Placed,FinTech,6.83
STU0276,Male,21,B.Tech IT,6.92,66.5,87.9,2,9.4,5.7,69,72,Yes,3,0,5,77.1,Yes,Data Analytics,Placed,Startup,5.2
STU0277,Male,21,B.Tech CSE,8.84,67.7,66.7,2,7.8,7.1,60,67,No,0,1,4,79.2,Yes,Software Development,Not Placed,None,0.0
STU0278,Male,24,B.Tech IT,8.24,83.6,65.9,0,6.6,6.7,61,61,Yes,2,3,4,67.3,Yes,Software Development,Placed,IT Services,4.4
STU0279,Male,21,B.Tech IT,7.27,60.6,86.1,0,5.2,6.5,72,70,Yes,2,2,5,81.6,No,AI/ML,Placed,IT Services,2.78
STU0280,Male,21,B.Sc Networking,7.24,69.7,78.7,1,5.7,7.1,81,70,Yes,1,4,2,75.3,Yes,Cloud Computing,Not Placed,None,0.0
STU0281,Male,22,BCA,7.9,82.0,57.0,0,9.1,5.4,60,70,No,0,0,2,84.6,Yes,Cyber Security,Not Placed,None,0.0
STU0282,Female,22,B.Sc Computer Science,8.04,69.7,68.1,0,7.2,8.6,56,67,Yes,1,2,2,76.4,No,Networking,Not Placed,None,0.0
STU0283,Female,22,B.Sc Computer Science,7.82,73.6,78.3,0,6.1,4.4,77,80,No,0,2,4,84.8,Yes,Cloud Computing,Not Placed,None,0.0
STU0284,Female,20,B.Sc Networking,7.91,83.4,83.2,0,7.8,7.9,68,65,Yes,2,0,3,82.8,No,Data Analytics,Placed,IT Services,2.45
STU0285,Male,21,B.Sc Networking,9.09,80.2,66.5,0,5.7,6.6,80,48,Yes,3,2,2,97.4,Yes,Software Development,Not Placed,None,0.0
STU0286,Female,21,BCA,8.56,78.7,45.0,0,9.4,5.3,55,55,Yes,2,2,2,88.0,No,Data Analytics,Not Placed,None,0.0
STU0287,Female,21,B.Sc Data Science,7.81,72.6,79.8,0,9.2,7.4,43,31,Yes,3,0,3,69.3,Yes,Data Analytics,Not Placed,None,0.0
STU0288,Male,21,B.Sc Computer Science,8.45,79.7,60.6,0,6.3,4.8,61,99,Yes,3,1,3,73.9,No,Software Development,Not Placed,None,0.0
STU0289,Female,20,B.Sc Computer Science,6.77,74.8,51.8,0,6.0,7.2,57,80,Yes,3,2,4,84.4,No,Cyber Security,Not Placed,None,0.0
STU0290,Male,20,BCA,7.99,80.6,45.0,0,2.8,5.0,67,51,Yes,1,1,2,76.6,Yes,Software Development,Not Placed,None,0.0
STU0291,Female,21,B.Tech IT,9.19,71.0,83.0,0,4.6,7.8,59,60,No,0,3,4,60.3,Yes,Networking,Not Placed,None,0.0
STU0292,Female,21,BCA,7.46,74.2,75.4,0,4.9,5.7,78,54,Yes,2,1,3,94.8,Yes,Data Analytics,Placed,FinTech,3.19
STU0293,Male,22,BCA,6.93,66.1,71.5,0,7.2,6.4,64,91,No,0,1,4,89.8,Yes,Software Development,Not Placed,None,0.0
STU0294,Female,22,B.Tech IT,7.1,75.6,89.3,0,6.5,7.5,70,41,Yes,2,5,5,88.2,Yes,Cloud Computing,Not Placed,None,0.0
STU0295,Female,22,B.Sc Networking,6.72,67.9,81.0,0,4.8,5.9,70,67,No,0,4,4,79.1,No,AI/ML,Not Placed,None,0.0
STU0296,Male,21,B.Sc Networking,6.98,64.9,91.8,1,6.6,7.0,71,63,Yes,3,0,1,87.4,Yes,Software Development,Not Placed,None,0.0
STU0297,Male,21,BCA,7.34,78.6,58.7,0,7.8,4.8,68,79,No,0,3,2,78.4,Yes,Cyber Security,Not Placed,None,0.0
STU0298,Female,21,B.Sc Networking,6.46,78.1,73.6,1,7.8,8.0,75,63,No,0,0,3,85.6,No,AI/ML,Not Placed,None,0.0
STU0299,Male,22,B.Sc Networking,7.66,83.8,56.2,0,4.0,9.7,57,35,No,0,0,3,76.6,Yes,Software Development,Placed,Startup,3.4
STU0300,Female,22,B.Sc Computer Science,8.42,71.7,71.5,0,6.8,10.0,88,61,Yes,1,1,3,96.1,Yes,Software Development,Placed,Consulting,4.53
STU0301,Female,20,B.Tech CSE,6.88,80.1,71.3,0,4.8,7.2,65,48,No,0,1,5,71.4,No,Software Development,Placed,Product Company,4.04
STU0302,Male,23,B.Tech IT,8.94,81.5,80.9,0,8.4,8.3,50,66,Yes,3,3,1,93.9,No,Software Development,Placed,IT Services,5.86
STU0303,Male,20,B.Tech IT,8.08,80.4,74.5,0,8.3,4.4,71,89,No,0,2,3,84.3,Yes,AI/ML,Placed,IT Services,5.01
STU0304,Male,22,BCA,8.53,67.7,80.9,0,5.6,9.4,56,35,Yes,3,5,2,80.1,No,Cyber Security,Not Placed,None,0.0
STU0305,Male,22,B.Sc Data Science,7.09,77.5,81.7,0,5.8,8.3,77,51,Yes,3,2,4,85.3,Yes,Cloud Computing,Not Placed,None,0.0
STU0306,Male,22,B.Sc Computer Science,8.38,79.6,97.7,0,6.3,6.4,99,56,Yes,3,1,5,89.9,Yes,Data Analytics,Not Placed,None,0.0
STU0307,Male,22,B.Sc Networking,6.72,76.1,70.5,0,3.4,9.0,57,59,Yes,3,2,3,94.9,Yes,AI/ML,Not Placed,None,0.0
STU0308,Female,22,B.Tech IT,8.41,55.1,63.6,2,7.5,6.7,73,78,No,0,5,1,86.5,Yes,Software Development,Not Placed,None,0.0
STU0309,Male,21,B.Sc Networking,7.8,77.6,76.7,0,6.6,6.4,43,62,No,0,2,4,76.9,Yes,Cyber Security,Not Placed,None,0.0
STU0310,Female,22,B.Sc Computer Science,8.12,98.0,65.2,0,8.6,7.8,74,72,No,0,3,3,84.4,Yes,Cyber Security,Placed,Startup,6.1
STU0311,Female,21,B.Tech IT,6.65,72.4,90.3,0,5.2,5.5,56,54,No,0,4,2,98.5,No,Software Development,Not Placed,None,0.0
STU0312,Female,23,B.Tech CSE,6.89,68.7,70.9,0,6.0,8.6,59,69,No,0,0,4,94.8,Yes,Software Development,Not Placed,None,0.0
STU0313,Female,22,B.Sc Computer Science,8.16,79.7,67.8,1,4.6,5.5,53,78,Yes,3,2,5,91.3,No,Data Analytics,Not Placed,None,0.0
STU0314,Male,22,B.Tech CSE,6.84,79.1,68.8,0,5.4,5.5,78,53,Yes,4,3,3,90.4,Yes,Software Development,Not Placed,None,0.0
STU0315,Male,21,B.Sc Data Science,8.04,87.9,81.9,0,5.1,5.7,82,78,Yes,2,4,3,89.6,No,Software Development,Not Placed,None,0.0
STU0316,Male,22,B.Sc Networking,6.49,63.4,72.3,1,8.6,8.2,68,66,Yes,2,1,2,93.3,Yes,Data Analytics,Not Placed,None,0.0
STU0317,Female,21,BCA,8.37,83.3,66.9,0,5.9,6.2,56,83,Yes,4,2,3,80.3,Yes,Cyber Security,Placed,Startup,3.5
STU0318,Female,22,B.Sc Computer Science,6.6,81.9,92.3,0,7.2,5.1,90,62,Yes,4,2,3,73.2,Yes,Networking,Not Placed,None,0.0
STU0319,Female,21,B.Sc Computer Science,8.12,74.6,64.6,2,6.4,6.2,57,71,Yes,4,1,2,84.6,No,Cloud Computing,Placed,Startup,4.12
STU0320,Female,20,B.Sc Computer Science,8.18,79.4,74.4,0,5.0,7.1,38,64,Yes,3,2,1,77.5,No,Networking,Not Placed,None,0.0
STU0321,Male,21,B.Sc Data Science,7.06,86.3,81.2,0,6.7,5.3,74,63,No,0,1,2,75.6,Yes,Software Development,Not Placed,None,0.0
STU0322,Male,21,B.Tech CSE,8.14,84.7,56.1,0,8.0,5.4,53,69,Yes,1,1,2,78.2,Yes,Software Development,Not Placed,None,0.0
STU0323,Male,22,B.Tech IT,7.87,64.6,79.3,0,5.1,10.0,82,74,Yes,1,1,3,100.0,Yes,Software Development,Placed,Product Company,3.15
STU0324,Female,21,BCA,7.19,84.2,62.4,0,8.3,5.8,63,44,No,0,2,3,85.1,No,Cloud Computing,Not Placed,None,0.0
STU0325,Male,23,B.Tech CSE,6.79,75.4,83.1,1,5.6,6.6,76,89,Yes,3,1,3,86.9,No,Software Development,Not Placed,None,0.0
STU0326,Male,21,B.Sc Data Science,5.98,76.7,63.4,0,6.2,6.5,88,33,Yes,1,2,2,74.2,No,Software Development,Not Placed,None,0.0
STU0327,Male,21,B.Tech CSE,7.95,76.7,81.6,1,7.8,6.5,51,53,Yes,3,1,3,69.2,No,Software Development,Not Placed,None,0.0
STU0328,Male,22,B.Sc Networking,6.32,74.5,86.2,2,5.9,8.0,60,63,Yes,3,0,4,77.4,No,Software Development,Not Placed,None,0.0
STU0329,Female,22,B.Tech IT,7.73,87.9,83.5,0,7.1,8.5,67,72,Yes,2,0,3,95.5,Yes,Networking,Not Placed,None,0.0
STU0330,Female,21,B.Sc Networking,7.43,75.2,76.8,0,6.5,6.6,90,92,Yes,4,0,5,86.7,No,AI/ML,Not Placed,None,0.0
STU0331,Female,22,BCA,8.23,64.8,71.5,0,7.2,5.2,59,33,Yes,2,2,3,88.8,No,Networking,Placed,Startup,4.58
STU0332,Male,22,B.Sc Networking,7.39,72.1,67.7,2,3.2,9.0,60,56,No,0,3,3,89.9,No,Data Analytics,Not Placed,None,0.0
STU0333,Female,21,B.Tech IT,7.37,77.8,90.2,1,4.1,7.0,75,29,Yes,4,0,1,79.3,Yes,AI/ML,Not Placed,None,0.0
STU0334,Female,24,B.Tech CSE,8.27,88.3,66.3,0,8.0,9.7,60,66,Yes,1,0,3,95.1,Yes,Software Development,Not Placed,None,0.0
STU0335,Female,23,B.Sc Networking,7.93,82.0,62.6,0,8.7,3.7,70,70,Yes,3,3,4,78.9,Yes,Cyber Security,Not Placed,None,0.0
STU0336,Female,22,B.Sc Computer Science,7.92,67.5,81.3,0,5.5,7.4,46,92,No,0,1,5,95.2,Yes,Cloud Computing,Not Placed,None,0.0
STU0337,Male,21,B.Sc Computer Science,8.05,98.0,65.2,2,6.6,10.0,99,67,Yes,6,4,5,87.5,Yes,Software Development,Not Placed,None,0.0
STU0338,Male,22,B.Sc Computer Science,6.34,78.6,63.5,0,7.5,6.6,49,83,No,0,2,2,69.7,Yes,Software Development,Not Placed,None,0.0
STU0339,Female,20,B.Sc Networking,8.29,88.8,58.1,0,8.1,6.8,63,75,No,0,1,3,78.0,Yes,Cloud Computing,Not Placed,None,0.0
STU0340,Female,20,B.Sc Computer Science,8.17,74.5,68.7,1,3.8,7.5,68,58,Yes,3,1,3,69.7,Yes,Software Development,Not Placed,None,0.0
STU0341,Male,21,B.Tech CSE,6.79,81.3,73.1,0,5.6,6.3,95,41,Yes,1,2,3,93.3,Yes,Software Development,Not Placed,None,0.0
STU0342,Female,21,B.Sc Networking,7.44,84.4,76.7,0,6.5,6.6,49,70,Yes,2,0,1,83.8,Yes,Data Analytics,Not Placed,None,0.0
STU0343,Female,22,B.Sc Networking,7.62,88.2,84.5,0,8.1,6.6,96,40,Yes,1,0,4,66.2,No,AI/ML,Placed,Consulting,3.42
STU0344,Female,22,B.Sc Computer Science,7.54,86.6,79.8,0,10.0,6.2,79,87,Yes,2,0,4,87.0,No,Cloud Computing,Placed,Startup,4.8
STU0345,Female,22,B.Sc Data Science,7.93,84.7,71.9,0,6.6,8.9,74,62,Yes,4,3,3,79.7,Yes,Networking,Placed,FinTech,3.75
STU0346,Male,21,B.Tech CSE,8.87,72.8,71.8,2,4.7,7.8,54,85,Yes,2,2,2,72.1,No,Software Development,Placed,IT Services,4.45
STU0347,Male,21,B.Tech CSE,8.57,70.3,79.6,0,7.6,7.5,76,57,Yes,3,0,1,97.4,No,Software Development,Not Placed,None,0.0
STU0348,Female,21,B.Sc Computer Science,6.53,79.3,88.0,0,9.1,8.3,58,70,No,0,2,3,84.9,Yes,Cyber Security,Not Placed,None,0.0
STU0349,Female,24,B.Tech IT,8.18,85.3,75.4,0,7.2,6.7,86,69,Yes,3,1,2,81.7,Yes,Software Development,Placed,Startup,3.48
STU0350,Male,20,B.Sc Networking,8.78,73.8,68.8,0,5.5,5.9,54,64,No,0,2,4,80.8,Yes,Cloud Computing,Placed,Consulting,4.59
STU0351,Male,22,B.Tech IT,7.98,86.7,63.1,0,8.5,6.2,66,58,No,0,1,3,71.9,Yes,Data Analytics,Not Placed,None,0.0
STU0352,Male,22,B.Sc Data Science,8.58,90.5,58.1,1,8.1,7.1,60,72,No,0,2,3,73.6,No,AI/ML,Not Placed,None,0.0
STU0353,Male,21,B.Tech IT,9.36,66.8,81.3,1,5.4,5.5,54,49,No,0,5,3,94.3,Yes,Software Development,Not Placed,None,0.0
STU0354,Female,22,B.Tech CSE,8.52,67.6,80.4,0,7.6,6.3,78,44,Yes,1,0,1,80.2,Yes,Software Development,Not Placed,None,0.0
STU0355,Female,21,B.Tech CSE,7.86,74.6,80.4,0,8.6,6.3,75,86,Yes,3,1,5,84.2,No,Cloud Computing,Placed,Product Company,4.84
STU0356,Male,22,B.Sc Networking,8.54,79.1,72.6,0,8.9,10.0,85,77,Yes,4,1,3,67.6,Yes,Networking,Placed,IT Services,4.76
STU0357,Female,23,B.Sc Data Science,7.77,70.8,89.5,2,6.9,2.9,43,66,Yes,1,1,5,73.5,No,Networking,Not Placed,None,0.0
STU0358,Male,21,B.Sc Networking,7.67,89.5,68.7,0,6.4,6.8,83,93,No,0,1,3,88.9,Yes,Software Development,Not Placed,None,0.0
STU0359,Male,21,B.Tech IT,7.35,80.2,84.5,1,9.0,9.7,100,60,No,0,3,4,87.0,Yes,AI/ML,Placed,Product Company,5.37
STU0360,Male,22,B.Sc Networking,8.98,76.4,73.6,0,5.1,7.3,62,87,Yes,4,4,1,98.0,Yes,Software Development,Placed,Startup,3.51
STU0361,Female,23,B.Sc Networking,6.95,61.6,67.3,2,7.7,8.2,95,68,Yes,3,1,3,94.7,Yes,Networking,Not Placed,None,0.0
STU0362,Male,21,B.Sc Computer Science,8.95,62.8,80.5,0,4.8,7.2,64,48,Yes,3,2,4,82.2,Yes,Networking,Not Placed,None,0.0
STU0363,Female,22,BCA,8.07,78.8,78.5,1,8.7,6.1,49,96,Yes,3,2,4,87.8,Yes,Software Development,Not Placed,None,0.0
STU0364,Male,22,B.Sc Computer Science,6.46,54.7,77.9,0,6.6,3.7,64,82,Yes,4,2,4,81.5,Yes,Data Analytics,Placed,Startup,4.11
STU0365,Male,22,B.Tech IT,7.96,86.1,74.9,0,9.0,7.4,83,63,Yes,4,1,2,100.0,Yes,Software Development,Placed,Consulting,3.01
STU0366,Female,21,B.Sc Networking,5.86,74.4,73.6,0,7.8,5.9,56,77,No,0,0,5,93.2,Yes,Software Development,Not Placed,None,0.0
STU0367,Male,22,B.Sc Networking,8.18,98.0,98.0,1,5.0,5.9,60,58,Yes,4,2,5,85.4,No,Software Development,Placed,IT Services,4.08
STU0368,Male,23,B.Tech IT,8.4,98.0,87.0,0,9.3,6.4,76,79,No,0,1,1,85.6,Yes,Networking,Placed,Startup,4.36
STU0369,Female,21,B.Sc Computer Science,7.15,74.2,82.0,2,9.5,9.7,68,24,No,0,3,5,95.6,Yes,Cloud Computing,Not Placed,None,0.0
STU0370,Female,21,B.Tech CSE,7.76,74.9,75.2,1,8.4,10.0,76,48,No,0,3,2,88.6,Yes,Cloud Computing,Not Placed,None,0.0
STU0371,Female,23,B.Tech IT,9.31,86.0,85.1,0,5.8,7.4,71,82,Yes,6,0,3,96.5,Yes,Networking,Placed,IT Services,5.71
STU0372,Female,21,B.Tech CSE,7.22,93.0,79.7,1,6.5,6.4,75,61,No,0,0,2,66.5,Yes,Cloud Computing,Not Placed,None,0.0
STU0373,Female,22,B.Tech CSE,6.75,59.6,74.3,0,7.2,5.3,62,69,No,0,4,5,87.7,Yes,Software Development,Not Placed,None,0.0
STU0374,Male,21,B.Sc Computer Science,8.91,58.1,70.7,0,5.9,7.8,71,42,Yes,6,2,1,79.9,No,Cyber Security,Not Placed,None,0.0
STU0375,Female,21,B.Tech CSE,9.32,69.8,73.1,0,9.7,9.8,55,96,Yes,2,3,3,98.1,Yes,Data Analytics,Placed,FinTech,7.83
STU0376,Female,22,BCA,7.65,81.8,45.0,0,7.2,6.7,86,85,No,0,0,3,96.4,Yes,Data Analytics,Not Placed,None,0.0
STU0377,Male,21,BCA,8.51,81.0,76.3,1,2.7,3.5,59,62,Yes,2,2,2,84.3,Yes,Cyber Security,Placed,IT Services,4.27
STU0378,Female,21,B.Tech CSE,8.79,86.7,68.6,0,7.5,8.1,84,58,Yes,1,2,3,96.3,No,Networking,Placed,Product Company,5.84
STU0379,Male,21,B.Sc Computer Science,7.02,64.0,91.5,0,6.4,8.6,65,83,Yes,1,3,1,98.3,Yes,AI/ML,Not Placed,None,0.0
STU0380,Female,22,B.Tech CSE,7.24,52.8,74.2,0,6.9,4.7,71,99,No,0,0,4,84.6,Yes,Software Development,Placed,Product Company,5.66
STU0381,Female,21,B.Tech CSE,8.7,84.6,60.9,0,6.4,7.4,61,81,No,0,1,5,100.0,Yes,Software Development,Placed,IT Services,4.52
STU0382,Male,21,B.Tech CSE,9.08,67.7,73.5,0,8.3,7.8,54,100,Yes,3,1,4,83.7,Yes,Software Development,Placed,Product Company,7.56
STU0383,Male,23,B.Sc Data Science,8.13,55.8,62.5,1,8.8,7.0,44,49,Yes,3,3,4,82.3,Yes,Cloud Computing,Not Placed,None,0.0
STU0384,Male,21,B.Sc Computer Science,6.9,77.5,79.2,0,7.5,5.9,53,51,No,0,4,2,90.9,No,AI/ML,Not Placed,None,0.0
STU0385,Male,22,BCA,9.34,83.9,77.2,0,6.5,8.6,63,45,No,0,5,2,81.2,Yes,Cloud Computing,Placed,IT Services,3.54
STU0386,Male,21,B.Tech IT,7.2,74.8,84.5,0,6.9,6.5,71,73,No,0,4,3,84.7,Yes,Software Development,Not Placed,None,0.0
STU0387,Female,22,B.Sc Computer Science,7.37,71.4,65.3,0,7.0,4.9,82,68,Yes,3,0,1,95.3,No,Networking,Not Placed,None,0.0
STU0388,Female,21,B.Tech IT,7.94,74.4,74.4,1,5.7,4.0,62,62,Yes,3,0,5,84.2,Yes,Cloud Computing,Placed,Consulting,4.06
STU0389,Male,23,B.Tech CSE,8.97,72.3,59.0,0,7.9,9.0,56,79,Yes,3,0,1,70.4,Yes,Cloud Computing,Placed,IT Services,5.36
STU0390,Male,21,B.Tech CSE,8.38,62.5,81.7,1,7.7,8.0,48,86,No,0,1,4,86.9,Yes,Cloud Computing,Not Placed,None,0.0
STU0391,Male,21,B.Sc Computer Science,8.0,68.9,79.7,0,9.5,7.2,75,39,Yes,1,3,1,78.4,Yes,Networking,Placed,Startup,4.9
STU0392,Female,20,B.Sc Networking,8.04,81.2,79.5,0,9.0,6.4,87,55,Yes,1,4,4,90.9,Yes,Cyber Security,Placed,Startup,6.12
STU0393,Female,21,B.Sc Computer Science,7.69,79.2,74.0,3,5.9,6.3,86,79,Yes,1,0,1,89.6,Yes,Software Development,Not Placed,None,0.0
STU0394,Male,21,B.Sc Networking,8.12,77.7,78.6,1,8.3,5.5,78,57,Yes,3,2,0,95.8,No,Cloud Computing,Not Placed,None,0.0
STU0395,Female,21,B.Sc Data Science,5.5,66.0,91.6,0,5.5,6.5,77,51,No,0,4,4,91.3,No,Data Analytics,Not Placed,None,0.0
STU0396,Male,22,B.Sc Computer Science,7.4,74.2,70.9,0,8.1,3.9,92,82,Yes,4,1,2,92.7,No,AI/ML,Not Placed,None,0.0
STU0397,Male,21,B.Sc Networking,7.86,54.2,75.5,0,6.2,6.0,73,43,No,0,0,4,78.6,Yes,Networking,Placed,IT Services,2.4
STU0398,Female,21,B.Sc Networking,6.67,77.8,62.1,0,5.4,6.6,77,60,No,0,1,3,90.4,Yes,Networking,Not Placed,None,0.0
STU0399,Male,22,B.Tech IT,7.98,90.3,64.4,1,7.4,8.0,64,71,Yes,6,1,1,99.7,Yes,AI/ML,Placed,FinTech,4.5
STU0400,Male,22,B.Tech IT,7.48,61.3,75.1,1,2.7,7.0,49,55,No,0,2,5,78.5,Yes,Cloud Computing,Not Placed,None,0.0
STU0401,Female,21,B.Sc Computer Science,9.14,70.1,86.1,0,4.2,8.3,58,78,No,0,1,3,98.4,No,Software Development,Not Placed,None,0.0
STU0402,Male,21,B.Sc Networking,8.99,79.3,71.2,2,6.7,9.1,68,55,No,0,0,4,79.6,Yes,Networking,Not Placed,None,0.0
STU0403,Male,20,B.Sc Computer Science,7.25,88.5,71.4,0,7.1,8.7,69,89,Yes,4,5,3,77.2,No,AI/ML,Not Placed,None,0.0
STU0404,Male,22,BCA,7.52,71.5,69.5,0,6.4,7.8,95,63,Yes,4,2,3,86.4,Yes,AI/ML,Placed,Consulting,3.97
STU0405,Female,22,B.Tech CSE,7.59,69.1,68.1,0,4.5,7.1,69,76,Yes,4,1,2,89.7,Yes,Cyber Security,Not Placed,None,0.0
STU0406,Male,21,B.Tech IT,7.27,56.3,77.2,0,5.7,5.6,85,78,No,0,4,2,91.3,Yes,Networking,Not Placed,None,0.0
STU0407,Female,22,B.Sc Computer Science,7.82,77.0,57.5,0,7.6,8.2,62,54,No,0,0,3,76.3,Yes,Software Development,Not Placed,None,0.0
STU0408,Female,22,BCA,7.01,96.4,88.1,0,7.9,9.6,64,30,No,0,0,3,87.5,No,Networking,Placed,IT Services,3.09
STU0409,Male,22,B.Sc Data Science,6.69,78.8,66.7,0,7.0,7.6,49,71,Yes,1,3,2,78.5,No,AI/ML,Not Placed,None,0.0
STU0410,Female,22,B.Sc Computer Science,8.18,75.8,81.9,0,8.9,10.0,58,66,Yes,4,1,3,72.1,Yes,AI/ML,Placed,Consulting,6.14
STU0411,Female,21,B.Tech CSE,8.19,79.2,60.0,1,7.6,4.8,75,74,No,0,3,3,76.6,Yes,Software Development,Not Placed,None,0.0
STU0412,Male,21,B.Sc Networking,6.97,75.9,81.4,0,5.8,5.4,68,61,Yes,6,1,1,78.0,Yes,Data Analytics,Not Placed,None,0.0
STU0413,Male,21,B.Sc Computer Science,8.41,67.9,81.4,0,6.6,8.4,81,58,No,0,0,2,88.2,Yes,Cloud Computing,Not Placed,None,0.0
STU0414,Male,20,B.Sc Networking,7.11,84.2,78.2,1,4.8,7.5,71,99,Yes,4,2,3,93.2,Yes,Software Development,Not Placed,None,0.0
STU0415,Male,22,B.Tech IT,7.87,78.3,63.1,2,6.8,9.1,63,40,Yes,3,0,1,72.2,No,Data Analytics,Not Placed,None,0.0
STU0416,Female,23,B.Sc Data Science,8.35,76.2,76.7,2,8.8,7.1,98,77,Yes,4,3,2,86.8,Yes,Software Development,Placed,Startup,4.59
STU0417,Female,20,B.Sc Computer Science,7.62,66.2,61.0,0,8.1,5.8,67,55,Yes,4,2,1,74.6,Yes,Software Development,Not Placed,None,0.0
STU0418,Female,21,B.Sc Networking,8.04,89.0,71.2,0,9.2,6.8,84,59,Yes,4,4,5,89.0,No,Cloud Computing,Placed,IT Services,5.85
STU0419,Male,21,B.Sc Networking,7.21,82.6,85.3,0,6.5,4.8,62,60,Yes,2,3,4,79.0,Yes,Cyber Security,Not Placed,None,0.0
STU0420,Male,23,B.Sc Computer Science,7.48,70.5,82.8,0,9.2,5.4,78,51,Yes,6,0,1,75.6,Yes,AI/ML,Not Placed,None,0.0
STU0421,Male,21,B.Sc Networking,7.48,86.0,74.2,2,6.7,8.6,81,75,Yes,2,3,0,90.4,Yes,AI/ML,Not Placed,None,0.0
STU0422,Male,21,B.Sc Networking,7.02,71.0,63.3,0,9.4,8.4,71,89,Yes,1,2,4,79.3,Yes,Data Analytics,Placed,IT Services,4.77
STU0423,Female,20,B.Tech CSE,7.5,68.2,81.1,0,7.0,7.6,35,73,No,0,2,3,81.5,Yes,Software Development,Not Placed,None,0.0
STU0424,Male,21,B.Sc Computer Science,6.33,68.4,74.2,0,8.1,4.5,68,67,Yes,4,3,4,66.2,Yes,Networking,Not Placed,None,0.0
STU0425,Female,24,BCA,7.23,58.3,48.5,0,9.4,6.6,85,48,No,0,2,5,91.6,No,AI/ML,Placed,Product Company,4.01
STU0426,Male,23,B.Sc Data Science,7.41,80.7,82.6,1,6.7,5.3,75,74,No,0,1,3,90.6,No,Software Development,Not Placed,None,0.0
STU0427,Female,20,B.Sc Networking,7.43,57.7,73.7,0,7.3,8.9,74,100,No,0,2,2,84.0,No,Data Analytics,Not Placed,None,0.0
STU0428,Male,23,B.Sc Data Science,7.44,63.7,87.2,0,9.1,6.2,44,59,No,0,1,4,71.8,Yes,Data Analytics,Not Placed,None,0.0
STU0429,Female,22,BCA,7.6,55.2,62.0,0,6.8,5.5,58,59,Yes,6,0,5,93.7,No,Cyber Security,Not Placed,None,0.0
STU0430,Female,22,B.Sc Data Science,8.06,75.1,45.0,0,4.9,7.1,74,55,No,0,2,3,78.7,Yes,Cloud Computing,Placed,Startup,3.98
STU0431,Female,21,B.Tech IT,8.39,74.5,77.1,0,10.0,6.1,74,57,No,0,1,3,80.4,Yes,Networking,Not Placed,None,0.0
STU0432,Male,21,B.Tech CSE,7.1,72.7,77.2,0,6.2,9.3,85,20,No,0,0,2,100.0,Yes,Data Analytics,Not Placed,None,0.0
STU0433,Male,21,B.Sc Data Science,6.63,65.6,55.4,0,7.3,6.0,66,72,Yes,3,0,2,78.4,Yes,AI/ML,Not Placed,None,0.0
STU0434,Female,22,BCA,6.76,64.3,63.2,0,8.8,5.0,74,51,Yes,3,2,4,89.9,Yes,Data Analytics,Placed,IT Services,4.23
STU0435,Female,21,B.Sc Data Science,7.24,80.6,98.0,2,6.0,3.9,68,38,Yes,2,1,5,88.5,Yes,Software Development,Not Placed,None,0.0
STU0436,Male,20,B.Sc Computer Science,7.35,70.5,70.6,2,5.4,7.1,54,78,No,0,3,3,87.1,No,Software Development,Not Placed,None,0.0
STU0437,Female,21,B.Sc Computer Science,7.0,79.2,82.0,2,7.4,6.3,36,47,No,0,1,4,86.3,Yes,Data Analytics,Not Placed,None,0.0
STU0438,Male,22,B.Sc Computer Science,6.55,67.1,66.8,0,4.1,5.0,74,59,Yes,2,2,2,87.0,No,Data Analytics,Not Placed,None,0.0
STU0439,Male,21,B.Tech IT,7.26,77.8,51.0,0,6.5,8.9,70,90,Yes,2,1,2,86.2,Yes,Data Analytics,Placed,IT Services,2.76
STU0440,Female,22,B.Sc Networking,7.8,89.0,72.1,0,7.4,8.1,59,41,No,0,2,3,83.6,Yes,Networking,Placed,FinTech,3.96
STU0441,Female,23,B.Tech IT,8.16,81.9,71.1,1,6.6,7.1,45,39,Yes,4,1,2,96.1,Yes,AI/ML,Placed,IT Services,4.84
STU0442,Male,21,B.Tech IT,7.18,71.9,69.6,3,4.5,9.1,77,70,No,0,5,3,73.5,Yes,Software Development,Not Placed,None,0.0
STU0443,Female,22,B.Tech CSE,7.3,78.6,72.7,1,9.6,8.1,64,85,No,0,4,2,92.2,Yes,Cyber Security,Not Placed,None,0.0
STU0444,Female,21,B.Tech CSE,6.86,73.6,76.9,0,7.2,5.9,76,38,Yes,3,3,4,90.6,Yes,Networking,Not Placed,None,0.0
STU0445,Male,22,B.Sc Computer Science,7.62,76.1,72.3,2,9.3,5.5,94,72,No,0,4,4,89.6,Yes,Software Development,Not Placed,None,0.0
STU0446,Male,21,BCA,6.93,72.7,60.1,0,6.6,8.3,38,75,Yes,3,1,3,92.9,Yes,Cyber Security,Not Placed,None,0.0
STU0447,Male,22,BCA,8.14,74.4,79.3,0,5.6,7.7,58,30,Yes,3,2,2,83.3,No,Cloud Computing,Not Placed,None,0.0
STU0448,Male,22,BCA,6.13,78.1,52.6,0,7.4,7.4,65,79,No,0,3,3,69.0,Yes,Software Development,Not Placed,None,0.0
STU0449,Female,23,B.Sc Networking,7.34,66.1,51.4,0,6.7,5.8,88,80,No,0,2,5,83.4,Yes,Software Development,Not Placed,None,0.0
STU0450,Female,22,B.Sc Computer Science,7.91,65.8,82.1,0,5.1,8.0,45,60,Yes,4,4,3,76.1,No,Data Analytics,Not Placed,None,0.0
STU0451,Male,21,BCA,7.81,62.1,79.6,0,9.4,6.0,95,86,Yes,4,2,0,78.1,Yes,Networking,Placed,IT Services,4.86
STU0452,Male,22,B.Sc Data Science,9.8,60.0,73.4,0,6.0,6.9,70,84,Yes,2,5,0,74.1,No,Networking,Not Placed,None,0.0
STU0453,Female,22,B.Tech IT,7.95,63.8,58.7,0,4.1,9.3,67,67,Yes,4,1,2,80.2,No,AI/ML,Not Placed,None,0.0
STU0454,Male,22,B.Sc Computer Science,6.8,77.6,66.2,1,9.1,6.1,65,57,Yes,1,3,2,79.2,No,Software Development,Not Placed,None,0.0
STU0455,Female,20,B.Tech IT,7.57,67.1,71.1,0,6.2,4.7,62,48,Yes,2,2,4,65.0,Yes,Cloud Computing,Placed,Consulting,2.44
STU0456,Male,23,B.Sc Networking,6.14,81.1,56.4,0,6.0,5.5,83,64,Yes,1,2,4,89.6,Yes,Networking,Not Placed,None,0.0
STU0457,Female,22,B.Sc Computer Science,7.58,76.3,65.9,1,4.2,8.6,53,75,Yes,4,1,2,100.0,Yes,AI/ML,Not Placed,None,0.0
STU0458,Female,22,B.Tech IT,6.94,56.3,81.2,2,9.8,7.5,73,59,Yes,4,3,2,88.8,Yes,Networking,Placed,IT Services,3.91
STU0459,Female,21,B.Sc Computer Science,8.43,82.5,89.7,0,4.9,6.9,63,28,No,0,4,2,82.4,Yes,Data Analytics,Placed,IT Services,2.6
STU0460,Female,22,B.Sc Computer Science,7.18,84.1,69.4,0,7.1,6.3,57,87,No,0,1,4,83.6,Yes,Software Development,Not Placed,None,0.0
STU0461,Female,21,B.Sc Data Science,7.55,66.1,82.3,0,8.5,7.8,100,68,Yes,3,2,3,80.6,No,AI/ML,Not Placed,None,0.0
STU0462,Male,22,B.Sc Data Science,7.11,80.2,52.9,0,7.7,5.8,74,59,Yes,3,1,3,84.7,Yes,Data Analytics,Placed,Startup,2.74
STU0463,Male,21,B.Tech IT,9.13,67.4,81.3,0,6.9,7.6,77,80,Yes,2,5,3,83.7,No,Software Development,Placed,IT Services,7.95
STU0464,Male,22,B.Tech IT,7.38,77.0,65.2,1,4.3,6.0,84,91,Yes,3,1,3,77.3,No,Cloud Computing,Not Placed,None,0.0
STU0465,Male,24,B.Tech IT,9.21,63.4,77.4,0,5.7,5.8,48,20,Yes,1,1,2,97.5,Yes,Cyber Security,Not Placed,None,0.0
STU0466,Female,20,BCA,8.34,58.1,71.3,1,7.3,6.1,93,72,No,0,1,2,72.1,Yes,Software Development,Not Placed,None,0.0
STU0467,Female,23,B.Sc Computer Science,8.06,72.2,88.5,1,5.7,6.5,33,41,No,0,2,3,89.7,Yes,AI/ML,Not Placed,None,0.0
STU0468,Male,21,B.Sc Networking,7.96,74.8,64.4,2,7.3,7.0,57,73,No,0,0,3,83.2,No,Software Development,Not Placed,None,0.0
STU0469,Female,22,B.Sc Computer Science,7.98,72.0,80.9,0,8.1,7.5,62,67,Yes,2,2,2,99.2,Yes,Data Analytics,Placed,Consulting,5.22
STU0470,Male,22,B.Tech IT,6.01,64.2,70.9,2,8.5,2.0,76,76,No,0,4,1,86.7,Yes,Cloud Computing,Not Placed,None,0.0
STU0471,Female,22,BCA,7.41,72.0,72.3,0,5.0,5.9,71,57,No,0,3,2,81.1,Yes,Data Analytics,Not Placed,None,0.0
STU0472,Male,22,B.Sc Data Science,8.37,78.7,72.0,0,10.0,6.5,66,33,Yes,2,0,3,82.0,No,Software Development,Not Placed,None,0.0
STU0473,Female,22,B.Sc Data Science,7.61,75.6,64.7,0,8.2,9.4,68,57,Yes,2,5,3,84.3,No,Software Development,Placed,Startup,3.77
STU0474,Male,21,B.Tech CSE,6.46,77.8,73.8,0,7.0,5.5,54,72,Yes,2,2,5,74.9,Yes,Cloud Computing,Not Placed,None,0.0
STU0475,Male,21,B.Tech IT,7.61,69.3,73.3,1,8.7,7.3,47,82,Yes,3,0,0,77.9,Yes,Cloud Computing,Not Placed,None,0.0
STU0476,Male,22,B.Tech CSE,9.1,87.7,76.7,0,10.0,9.3,78,45,No,0,0,2,69.7,Yes,Networking,Not Placed,None,0.0
STU0477,Female,22,B.Sc Networking,8.71,64.2,74.9,0,4.7,5.1,78,82,Yes,4,0,2,76.6,Yes,Networking,Placed,IT Services,5.51
STU0478,Male,22,B.Tech CSE,7.6,80.9,82.8,0,6.6,7.7,90,54,Yes,3,3,3,84.8,No,AI/ML,Not Placed,None,0.0
STU0479,Male,22,B.Sc Networking,8.46,87.8,84.2,0,3.2,5.9,57,71,Yes,2,0,3,86.4,No,Software Development,Not Placed,None,0.0
STU0480,Male,21,B.Tech CSE,7.34,80.8,62.4,0,7.3,6.3,78,56,Yes,1,1,4,68.2,No,Data Analytics,Not Placed,None,0.0
STU0481,Male,22,BCA,6.2,74.0,83.6,1,7.6,5.9,64,68,No,0,3,2,82.9,Yes,Cloud Computing,Not Placed,None,0.0
STU0482,Male,21,B.Tech CSE,6.86,70.7,61.0,0,6.9,6.0,85,80,Yes,1,2,3,88.5,Yes,Software Development,Not Placed,None,0.0
STU0483,Female,22,B.Sc Data Science,8.98,86.4,80.5,0,6.0,10.0,82,44,No,0,3,4,82.7,Yes,Software Development,Placed,IT Services,4.94
STU0484,Male,20,B.Sc Networking,7.42,61.8,80.8,0,3.7,8.4,71,53,Yes,1,3,5,78.9,Yes,AI/ML,Not Placed,None,0.0
STU0485,Male,21,B.Sc Computer Science,7.44,66.3,53.0,0,7.6,8.8,63,68,Yes,3,0,5,80.7,Yes,Cyber Security,Not Placed,None,0.0
STU0486,Male,21,B.Sc Data Science,7.4,72.0,75.0,0,9.3,7.8,81,100,Yes,3,4,4,79.7,No,Software Development,Placed,IT Services,5.74
STU0487,Female,21,B.Sc Computer Science,9.27,88.4,68.8,0,6.1,4.7,77,50,No,0,1,4,78.9,Yes,Cyber Security,Not Placed,None,0.0
STU0488,Female,22,B.Tech CSE,9.03,79.8,65.7,2,7.7,7.7,58,100,Yes,4,2,2,85.4,No,Networking,Placed,Startup,6.05
STU0489,Male,21,B.Tech IT,9.54,66.3,88.9,0,4.5,8.7,49,99,Yes,2,2,2,100.0,Yes,Software Development,Placed,Startup,6.05
STU0490,Male,21,B.Sc Computer Science,7.51,72.9,66.8,0,7.7,5.8,64,63,Yes,2,0,0,78.1,Yes,Cloud Computing,Not Placed,None,0.0
STU0491,Female,21,BCA,7.9,69.9,65.1,0,6.4,8.5,89,60,Yes,2,5,3,81.5,Yes,Software Development,Placed,Product Company,5.07
STU0492,Male,21,BCA,6.36,68.9,74.8,1,5.8,8.2,84,53,No,0,2,5,83.6,Yes,Networking,Not Placed,None,0.0
STU0493,Female,21,B.Tech CSE,8.91,85.8,81.5,0,5.8,9.9,52,64,Yes,2,0,2,78.5,Yes,Data Analytics,Not Placed,None,0.0
STU0494,Female,20,B.Sc Computer Science,6.66,62.3,72.4,0,6.4,6.5,52,41,Yes,2,4,3,92.8,No,Software Development,Not Placed,None,0.0
STU0495,Female,22,B.Tech IT,7.83,92.1,86.8,1,7.6,5.5,86,64,Yes,1,2,4,65.0,Yes,Data Analytics,Not Placed,None,0.0
STU0496,Female,22,B.Sc Computer Science,6.72,84.3,79.8,0,4.9,6.6,52,90,No,0,2,5,79.8,No,Software Development,Not Placed,None,0.0
STU0497,Male,22,B.Tech IT,7.15,86.9,50.0,0,6.4,9.3,75,55,Yes,2,2,3,90.5,No,Cloud Computing,Not Placed,None,0.0
STU0498,Female,21,B.Tech CSE,6.94,71.4,68.2,0,6.9,4.4,59,61,No,0,3,5,81.6,Yes,Data Analytics,Placed,IT Services,4.1
STU0499,Male,21,B.Sc Data Science,7.13,74.5,67.8,0,5.2,4.0,91,36,No,0,0,2,77.4,No,Cyber Security,Not Placed,None,0.0
STU0500,Male,22,B.Sc Computer Science,7.19,61.7,79.3,0,9.9,7.2,57,71,Yes,6,1,2,87.5,Yes,AI/ML,Placed,Product Company,4.56
STU0501,Male,21,B.Tech CSE,7.18,70.8,45.1,0,5.6,6.4,84,69,Yes,2,1,3,91.3,No,Software Development,Placed,IT Services,3.45
STU0502,Male,21,B.Tech CSE,8.36,80.9,98.0,0,5.9,7.1,71,66,Yes,3,0,2,85.7,Yes,Data Analytics,Placed,FinTech,4.56
STU0503,Female,20,B.Tech IT,6.71,89.0,79.8,0,5.4,8.5,72,61,No,0,2,0,77.6,Yes,Data Analytics,Not Placed,None,0.0
STU0504,Male,21,B.Sc Data Science,7.84,64.9,75.6,0,9.9,6.3,40,60,Yes,2,1,4,87.6,Yes,Cloud Computing,Placed,Product Company,3.59
STU0505,Male,21,BCA,8.69,72.3,87.0,2,7.9,4.3,37,74,Yes,2,1,4,80.8,Yes,Cloud Computing,Not Placed,None,0.0
STU0506,Female,21,B.Sc Networking,7.21,74.5,98.0,1,5.5,10.0,65,65,No,0,0,4,90.0,No,Cloud Computing,Not Placed,None,0.0
STU0507,Male,22,B.Tech CSE,7.04,62.0,83.6,1,8.8,5.6,71,70,Yes,6,2,2,95.9,No,Networking,Not Placed,None,0.0
STU0508,Male,22,B.Sc Computer Science,7.45,81.9,84.4,0,7.3,5.5,52,69,Yes,1,3,3,63.2,No,Software Development,Not Placed,None,0.0
STU0509,Male,22,B.Tech CSE,8.65,68.8,75.4,0,7.4,8.8,53,84,Yes,2,1,2,84.9,Yes,AI/ML,Placed,IT Services,5.16
STU0510,Male,22,B.Sc Data Science,7.81,74.0,72.4,0,6.4,6.5,76,77,Yes,3,2,0,70.1,Yes,Software Development,Not Placed,None,0.0
STU0511,Male,22,B.Sc Networking,7.2,71.5,68.8,0,5.8,7.0,76,68,Yes,2,1,3,100.0,Yes,Data Analytics,Placed,IT Services,2.99
STU0512,Female,22,B.Sc Data Science,8.06,68.1,64.9,3,7.5,7.8,66,91,Yes,2,2,1,80.3,Yes,Data Analytics,Placed,IT Services,3.23
STU0513,Male,23,B.Sc Computer Science,6.71,75.9,66.4,0,6.1,8.7,79,72,No,0,0,1,90.0,Yes,Networking,Placed,IT Services,3.45
STU0514,Male,20,B.Tech IT,8.23,73.8,59.1,0,9.9,6.6,52,87,Yes,3,2,4,83.7,Yes,Cloud Computing,Placed,FinTech,6.55
STU0515,Female,21,B.Tech IT,8.0,72.3,73.2,0,5.0,9.4,63,75,No,0,2,0,77.6,Yes,Software Development,Placed,Product Company,5.76
STU0516,Female,20,B.Sc Data Science,7.39,68.7,55.5,0,9.5,3.9,91,34,No,0,4,5,76.6,Yes,Data Analytics,Not Placed,None,0.0
STU0517,Female,22,B.Sc Networking,6.94,79.2,76.1,0,6.8,8.2,69,87,Yes,1,1,3,96.7,Yes,AI/ML,Not Placed,None,0.0
STU0518,Male,23,B.Sc Computer Science,6.9,92.5,73.6,0,7.5,5.8,70,67,No,0,3,5,91.6,Yes,Software Development,Placed,Startup,2.41
STU0519,Male,21,B.Tech CSE,8.1,77.4,75.6,0,8.3,9.2,100,64,Yes,6,2,1,99.5,No,AI/ML,Placed,Startup,3.83
STU0520,Female,23,B.Tech CSE,8.69,86.0,68.3,1,6.0,7.3,48,70,No,0,4,3,84.4,Yes,Software Development,Not Placed,None,0.0
STU0521,Male,20,B.Tech CSE,7.11,62.1,98.0,0,8.4,6.1,79,59,No,0,1,2,86.3,No,Data Analytics,Placed,FinTech,5.4
STU0522,Female,23,B.Sc Networking,8.04,77.6,89.0,2,2.7,8.1,91,69,Yes,4,1,4,81.9,Yes,Software Development,Not Placed,None,0.0
STU0523,Male,21,BCA,5.88,65.0,60.3,1,5.8,8.4,63,55,Yes,6,4,2,81.7,No,Cloud Computing,Not Placed,None,0.0
STU0524,Male,21,B.Sc Computer Science,7.15,61.2,76.6,0,5.5,8.1,80,87,Yes,4,0,2,75.7,Yes,Cloud Computing,Not Placed,None,0.0
STU0525,Male,21,B.Tech CSE,7.62,68.6,67.3,1,5.0,5.6,54,63,Yes,3,0,4,84.7,Yes,Cloud Computing,Placed,IT Services,3.07
STU0526,Female,21,BCA,6.88,87.9,62.8,0,6.7,6.4,58,58,Yes,4,0,2,77.7,Yes,Software Development,Not Placed,None,0.0
STU0527,Female,21,BCA,6.85,85.5,59.3,2,7.6,7.1,73,49,Yes,1,3,0,87.5,No,Data Analytics,Not Placed,None,0.0
STU0528,Female,21,B.Sc Data Science,7.08,78.4,78.8,0,8.1,7.0,79,70,No,0,0,2,85.4,Yes,Cloud Computing,Not Placed,None,0.0
STU0529,Female,22,B.Sc Networking,7.9,60.7,66.5,0,7.4,8.2,84,68,Yes,6,3,3,86.3,Yes,Data Analytics,Placed,IT Services,3.79
STU0530,Male,22,B.Sc Data Science,7.49,74.0,84.6,0,5.9,4.1,90,72,No,0,1,2,97.4,No,Networking,Placed,Consulting,3.93
STU0531,Male,21,B.Tech CSE,5.75,79.0,84.9,0,7.6,7.6,67,48,No,0,0,3,83.7,Yes,Cyber Security,Not Placed,None,0.0
STU0532,Male,22,B.Tech CSE,5.85,77.8,89.1,3,7.2,6.7,85,38,Yes,4,1,1,90.1,Yes,Cyber Security,Not Placed,None,0.0
STU0533,Male,22,BCA,7.13,57.6,64.6,0,8.5,5.8,63,76,No,0,0,3,100.0,Yes,Cyber Security,Not Placed,None,0.0
STU0534,Male,21,B.Sc Networking,8.04,67.1,79.2,0,8.2,6.0,81,90,Yes,3,2,4,94.5,Yes,Software Development,Not Placed,None,0.0
STU0535,Male,21,B.Tech CSE,5.31,75.4,81.0,0,7.0,6.8,71,48,Yes,4,2,3,93.2,Yes,Networking,Not Placed,None,0.0
STU0536,Male,21,B.Tech CSE,7.23,81.4,68.8,2,5.6,2.0,74,92,No,0,2,3,81.5,Yes,Cyber Security,Not Placed,None,0.0
STU0537,Male,21,B.Tech CSE,7.2,54.0,65.5,0,6.0,6.0,74,70,Yes,6,0,1,85.8,No,Networking,Not Placed,None,0.0
STU0538,Female,22,B.Sc Networking,8.83,74.4,91.7,0,6.1,5.8,46,65,Yes,4,2,2,73.5,No,Networking,Not Placed,None,0.0
STU0539,Female,21,B.Tech CSE,7.32,77.4,76.5,0,6.5,7.9,52,58,No,0,3,1,88.0,Yes,Networking,Placed,Startup,2.73
STU0540,Female,21,B.Tech CSE,7.98,84.5,81.0,0,7.4,5.9,69,41,No,0,2,3,86.2,Yes,Data Analytics,Placed,Startup,2.56
STU0541,Male,22,B.Tech IT,7.77,82.9,65.0,0,8.1,6.8,44,82,No,0,3,3,84.2,No,Data Analytics,Placed,Consulting,4.67
STU0542,Male,21,B.Tech CSE,5.84,81.8,60.6,0,6.9,9.4,80,52,No,0,1,5,92.2,No,Data Analytics,Placed,IT Services,4.05
STU0543,Female,22,B.Tech CSE,8.3,68.0,67.7,0,7.0,8.6,80,52,Yes,6,4,1,74.3,No,Software Development,Not Placed,None,0.0
STU0544,Male,21,B.Tech IT,7.83,56.9,72.6,1,7.2,8.5,73,82,Yes,3,1,3,97.1,Yes,Cloud Computing,Placed,Product Company,3.77
STU0545,Male,23,B.Sc Networking,8.08,72.1,62.3,0,6.2,6.4,52,33,No,0,0,3,91.2,No,AI/ML,Not Placed,None,0.0
STU0546,Female,21,B.Sc Computer Science,9.8,86.0,73.9,0,5.5,7.9,87,39,Yes,2,3,3,83.4,No,Software Development,Placed,IT Services,4.65
STU0547,Female,22,B.Sc Networking,5.88,89.9,55.4,0,4.2,6.7,97,65,Yes,4,4,4,82.8,Yes,Software Development,Not Placed,None,0.0
STU0548,Male,22,B.Sc Computer Science,9.12,83.1,61.7,1,5.9,6.8,70,70,Yes,4,2,2,87.8,Yes,Software Development,Placed,IT Services,3.75
STU0549,Male,20,B.Sc Computer Science,7.41,80.3,81.4,2,7.8,7.7,75,73,No,0,1,1,96.2,Yes,Networking,Placed,Product Company,3.84
STU0550,Male,22,B.Sc Networking,7.89,79.8,80.6,0,5.9,6.2,71,60,Yes,3,1,3,84.8,Yes,Cloud Computing,Not Placed,None,0.0
STU0551,Male,23,B.Sc Computer Science,7.61,70.4,69.7,0,6.6,9.3,75,100,No,0,1,2,85.2,No,Software Development,Placed,IT Services,4.62
STU0552,Male,22,B.Sc Networking,7.29,74.7,62.8,0,7.7,6.9,66,61,Yes,2,4,0,84.1,No,Networking,Not Placed,None,0.0
STU0553,Male,22,B.Tech CSE,7.17,92.7,62.7,0,7.8,8.0,68,61,Yes,1,0,2,98.3,No,Networking,Not Placed,None,0.0
STU0554,Male,23,B.Sc Data Science,7.93,66.6,69.9,0,5.3,9.3,81,51,Yes,4,3,2,81.0,No,AI/ML,Not Placed,None,0.0
STU0555,Male,21,B.Sc Networking,6.36,92.1,81.1,0,8.6,8.6,100,67,Yes,1,1,3,83.8,Yes,Software Development,Placed,IT Services,4.11
STU0556,Female,21,B.Sc Data Science,8.29,72.8,84.2,0,8.8,5.0,48,75,No,0,3,2,95.7,Yes,Software Development,Not Placed,None,0.0
STU0557,Female,22,B.Tech IT,7.3,89.3,68.5,2,5.2,7.8,67,85,Yes,3,4,3,85.2,No,Data Analytics,Not Placed,None,0.0
STU0558,Female,21,BCA,6.69,61.9,61.3,0,5.7,8.4,51,40,Yes,3,1,3,93.1,Yes,AI/ML,Not Placed,None,0.0
STU0559,Male,22,B.Sc Networking,7.27,81.9,76.9,0,8.9,8.4,90,61,Yes,6,1,3,76.7,Yes,Cloud Computing,Placed,IT Services,4.87
STU0560,Male,23,B.Tech IT,8.72,68.6,64.9,0,6.8,5.4,60,73,Yes,1,3,5,82.4,Yes,Cyber Security,Placed,Product Company,6.16
STU0561,Male,21,B.Tech CSE,7.19,61.8,68.3,0,3.4,6.1,48,75,Yes,4,2,1,95.9,Yes,Software Development,Not Placed,None,0.0
STU0562,Female,21,B.Tech CSE,7.95,78.2,88.6,0,4.8,8.6,77,65,Yes,1,2,5,78.6,Yes,Cloud Computing,Not Placed,None,0.0
STU0563,Female,22,B.Sc Networking,7.03,86.1,83.1,0,6.6,6.0,92,74,No,0,2,3,82.8,Yes,Networking,Placed,Product Company,4.85
STU0564,Female,21,B.Sc Networking,8.29,67.6,75.7,0,5.1,6.7,77,51,No,0,0,4,86.1,Yes,Software Development,Not Placed,None,0.0
STU0565,Female,22,B.Sc Computer Science,8.23,61.0,60.0,0,6.3,9.5,71,91,Yes,1,3,3,76.1,No,Data Analytics,Not Placed,None,0.0
STU0566,Male,21,BCA,9.22,75.1,76.3,2,7.1,7.0,74,82,Yes,4,0,3,80.7,No,Networking,Not Placed,None,0.0
STU0567,Female,22,BCA,7.5,75.1,85.7,0,9.3,6.0,88,42,Yes,3,4,4,84.9,No,Software Development,Not Placed,None,0.0
STU0568,Female,21,BCA,8.22,81.5,69.9,0,6.5,5.8,56,47,Yes,1,1,4,84.4,Yes,Data Analytics,Placed,Consulting,4.88
STU0569,Male,22,B.Tech CSE,7.73,85.5,88.9,0,8.7,7.6,66,47,No,0,3,2,94.2,No,Software Development,Not Placed,None,0.0
STU0570,Female,21,B.Sc Data Science,8.75,75.4,88.2,0,9.3,5.1,62,77,No,0,1,2,96.3,No,Cyber Security,Placed,Consulting,6.63
STU0571,Male,22,B.Sc Computer Science,7.04,94.6,92.3,0,9.3,6.7,52,43,Yes,4,1,3,77.2,Yes,Cyber Security,Not Placed,None,0.0
STU0572,Male,21,B.Sc Data Science,8.28,78.2,77.4,1,7.5,7.6,63,59,No,0,1,4,84.9,No,Software Development,Not Placed,None,0.0
STU0573,Female,22,BCA,7.48,72.5,80.5,3,3.9,9.0,84,73,Yes,3,3,2,89.4,Yes,AI/ML,Not Placed,None,0.0
STU0574,Male,22,B.Sc Computer Science,7.6,59.9,89.6,2,7.7,8.1,76,64,Yes,4,2,3,96.1,No,Cloud Computing,Not Placed,None,0.0
STU0575,Male,21,BCA,7.73,73.4,78.9,0,8.7,6.0,77,69,Yes,3,4,3,89.7,Yes,Cloud Computing,Placed,Product Company,5.72
STU0576,Male,21,B.Tech IT,7.86,72.6,68.5,1,6.9,8.9,70,47,Yes,2,1,4,86.3,Yes,Software Development,Not Placed,None,0.0
STU0577,Female,20,B.Sc Data Science,7.55,85.6,69.1,0,9.8,6.7,75,75,No,0,2,3,89.3,Yes,Data Analytics,Not Placed,None,0.0
STU0578,Male,22,B.Tech IT,7.83,80.6,76.6,0,8.4,5.2,57,55,Yes,3,3,2,89.4,Yes,Data Analytics,Placed,IT Services,5.51
STU0579,Male,22,B.Sc Computer Science,8.99,64.2,59.8,0,7.9,6.8,64,59,Yes,3,0,5,76.6,Yes,Software Development,Not Placed,None,0.0
STU0580,Female,22,B.Tech IT,8.49,77.7,72.4,1,8.7,9.3,71,69,No,0,1,3,85.5,No,Cloud Computing,Not Placed,None,0.0
STU0581,Female,21,B.Sc Networking,8.39,82.7,86.1,0,7.5,7.3,72,67,No,0,2,4,95.7,No,Cloud Computing,Not Placed,None,0.0
STU0582,Male,21,B.Sc Data Science,7.26,91.3,49.9,0,3.0,7.1,72,65,No,0,1,2,82.3,No,Cyber Security,Not Placed,None,0.0
STU0583,Male,22,B.Tech IT,6.89,84.9,90.9,0,6.2,9.6,66,52,No,0,1,3,85.0,Yes,Cyber Security,Not Placed,None,0.0
STU0584,Female,21,B.Sc Computer Science,8.46,83.6,86.3,0,8.9,5.0,63,60,Yes,3,2,2,82.1,No,Data Analytics,Placed,Product Company,5.58
STU0585,Male,24,B.Tech IT,8.39,76.6,68.9,0,5.7,5.2,100,65,No,0,1,2,65.5,Yes,Data Analytics,Not Placed,None,0.0
STU0586,Female,21,B.Tech IT,8.9,79.9,80.0,2,6.6,4.7,81,42,No,0,2,4,84.2,No,Software Development,Not Placed,None,0.0
STU0587,Female,22,B.Sc Networking,7.14,88.5,74.0,0,5.3,7.7,74,57,No,0,4,3,86.4,Yes,Networking,Placed,IT Services,2.4
STU0588,Female,21,B.Tech CSE,7.45,62.7,87.5,0,9.9,7.3,65,72,No,0,2,3,79.9,Yes,Software Development,Not Placed,None,0.0
STU0589,Female,21,BCA,6.26,72.5,84.8,0,9.7,9.4,62,43,Yes,3,2,2,74.8,No,Data Analytics,Not Placed,None,0.0
STU0590,Female,22,B.Tech CSE,7.32,68.3,58.6,0,5.6,7.5,66,85,No,0,0,3,77.0,No,Software Development,Not Placed,None,0.0
STU0591,Female,22,B.Tech CSE,8.5,79.8,80.5,0,7.2,6.5,72,87,Yes,3,3,3,90.1,Yes,Cloud Computing,Placed,IT Services,5.79
STU0592,Male,24,B.Tech CSE,7.25,88.3,71.7,0,5.9,7.1,42,44,Yes,1,1,3,99.8,No,AI/ML,Not Placed,None,0.0
STU0593,Female,21,B.Tech IT,8.19,70.0,74.9,0,8.0,7.3,46,88,Yes,6,2,2,95.1,Yes,Cyber Security,Placed,IT Services,4.95
STU0594,Female,21,B.Tech IT,7.49,52.1,66.0,0,7.8,4.6,59,63,No,0,5,4,73.2,No,Networking,Not Placed,None,0.0
STU0595,Male,22,B.Sc Networking,7.93,71.9,93.2,0,8.3,10.0,71,72,Yes,1,2,4,90.8,Yes,Data Analytics,Placed,Startup,3.77
STU0596,Female,22,B.Tech CSE,6.67,85.1,85.4,0,7.5,7.9,65,57,Yes,4,2,2,78.7,Yes,AI/ML,Not Placed,None,0.0
STU0597,Male,21,BCA,7.72,81.4,65.9,0,10.0,7.4,89,81,Yes,4,1,2,79.3,Yes,Cloud Computing,Placed,IT Services,3.61
STU0598,Female,20,B.Sc Computer Science,5.11,80.3,59.3,0,5.4,8.0,47,72,No,0,0,3,80.3,Yes,Software Development,Not Placed,None,0.0
STU0599,Female,21,BCA,7.49,73.2,69.8,3,4.3,8.2,57,51,Yes,3,3,3,89.6,No,Software Development,Not Placed,None,0.0
STU0600,Female,23,B.Sc Networking,6.26,63.2,78.8,0,6.4,6.9,89,45,No,0,0,3,91.7,Yes,Software Development,Not Placed,None,0.0
STU0601,Female,21,B.Tech IT,8.68,81.2,76.6,0,4.5,6.2,70,40,No,0,2,3,83.2,Yes,Cyber Security,Placed,IT Services,5.36
STU0602,Female,21,B.Sc Networking,8.31,67.7,87.8,0,4.6,8.0,80,68,Yes,2,0,2,83.4,Yes,Software Development,Placed,IT Services,5.26
STU0603,Female,21,B.Tech CSE,8.05,97.8,82.7,0,5.4,7.7,97,75,Yes,2,3,2,87.7,Yes,Cloud Computing,Placed,Product Company,5.63
STU0604,Female,21,BCA,8.94,81.7,84.7,3,5.5,5.9,58,76,No,0,0,2,88.5,No,Cloud Computing,Placed,IT Services,4.99
STU0605,Female,20,B.Sc Networking,6.84,70.2,77.6,0,5.5,9.2,67,63,No,0,2,1,93.4,Yes,Cloud Computing,Placed,Startup,2.49
STU0606,Female,21,B.Tech IT,9.14,69.9,58.7,0,7.8,7.5,64,45,No,0,2,3,73.7,Yes,Software Development,Placed,Product Company,7.28
STU0607,Female,20,B.Sc Networking,8.44,75.1,71.8,0,6.2,8.2,41,53,Yes,2,1,1,84.2,Yes,Data Analytics,Placed,Product Company,4.28
STU0608,Female,22,BCA,7.45,73.6,85.7,0,6.7,9.2,64,85,No,0,1,5,75.5,Yes,Networking,Not Placed,None,0.0
STU0609,Male,21,B.Tech CSE,8.62,87.2,73.4,1,8.4,7.1,80,57,Yes,4,1,4,83.6,No,Data Analytics,Placed,Product Company,6.77
STU0610,Male,22,B.Sc Networking,6.71,77.9,79.5,0,5.8,7.6,76,67,Yes,3,1,4,82.2,Yes,Data Analytics,Placed,IT Services,3.31
STU0611,Female,23,B.Tech CSE,6.95,68.7,70.5,0,6.6,8.3,77,47,No,0,1,4,83.6,Yes,Networking,Placed,Startup,2.97
STU0612,Male,22,B.Sc Networking,7.13,94.9,62.7,0,7.6,6.0,63,71,Yes,6,1,2,77.6,No,Data Analytics,Not Placed,None,0.0
STU0613,Male,22,BCA,7.2,76.5,72.6,0,3.9,7.2,59,57,No,0,2,4,72.1,Yes,Data Analytics,Placed,Product Company,4.52
STU0614,Female,21,B.Tech CSE,6.75,83.7,77.4,1,3.2,7.3,86,83,No,0,1,1,67.2,No,Software Development,Not Placed,None,0.0
STU0615,Male,21,BCA,8.69,69.9,66.8,0,7.6,5.7,61,78,No,0,5,0,83.0,Yes,Software Development,Not Placed,None,0.0
STU0616,Male,22,B.Sc Networking,7.43,79.6,71.4,0,7.8,10.0,72,57,Yes,6,2,4,80.6,No,Data Analytics,Not Placed,None,0.0
STU0617,Female,24,B.Sc Computer Science,7.95,79.1,63.7,0,10.0,5.0,70,63,Yes,2,0,1,78.6,Yes,AI/ML,Placed,IT Services,3.03
STU0618,Female,22,BCA,7.17,57.1,86.3,0,7.3,5.2,88,56,No,0,1,5,94.6,Yes,Software Development,Placed,Product Company,5.79
STU0619,Male,22,B.Tech CSE,6.1,96.2,70.8,0,8.3,9.1,82,41,Yes,2,3,3,77.1,Yes,Software Development,Placed,Consulting,5.05
STU0620,Male,22,BCA,7.88,88.9,90.0,0,6.7,8.2,50,50,Yes,1,0,4,95.3,No,Software Development,Not Placed,None,0.0
STU0621,Female,21,B.Tech CSE,6.02,72.0,90.8,0,7.5,5.6,51,68,No,0,2,2,97.0,No,Cloud Computing,Not Placed,None,0.0
STU0622,Female,20,B.Sc Data Science,7.59,65.0,73.1,0,9.7,8.0,76,71,Yes,4,2,3,68.4,Yes,Software Development,Not Placed,None,0.0
STU0623,Female,22,B.Sc Computer Science,6.49,79.5,62.9,0,3.6,9.3,67,68,No,0,0,1,84.7,No,Networking,Not Placed,None,0.0
STU0624,Male,23,B.Sc Data Science,9.34,76.9,51.1,3,7.7,7.1,62,60,Yes,4,3,4,80.8,Yes,Cloud Computing,Not Placed,None,0.0
STU0625,Male,21,B.Sc Computer Science,8.42,79.6,57.8,0,10.0,10.0,82,81,Yes,2,1,2,60.7,No,Software Development,Placed,Consulting,6.12
STU0626,Female,22,B.Sc Data Science,7.74,77.9,58.9,0,7.5,4.5,71,66,No,0,1,3,72.4,No,Cloud Computing,Not Placed,None,0.0
STU0627,Female,21,B.Sc Networking,8.72,81.1,89.2,0,9.6,8.1,69,77,No,0,3,2,90.2,Yes,Software Development,Placed,IT Services,6.02
STU0628,Male,22,B.Tech CSE,6.93,90.5,75.3,0,6.0,8.8,79,35,No,0,2,1,100.0,No,Cloud Computing,Not Placed,None,0.0
STU0629,Female,21,B.Sc Computer Science,8.11,81.7,78.3,0,6.9,8.4,63,20,Yes,2,4,3,91.2,Yes,Cloud Computing,Placed,IT Services,3.97
STU0630,Female,21,B.Sc Computer Science,7.82,65.5,49.6,1,7.1,6.8,90,70,No,0,2,2,86.6,Yes,Cyber Security,Not Placed,None,0.0
STU0631,Male,22,B.Tech IT,7.87,89.6,60.8,0,3.5,6.7,57,41,Yes,3,3,4,83.8,Yes,AI/ML,Placed,Consulting,4.8
STU0632,Male,21,B.Tech CSE,8.73,92.4,83.8,0,5.1,7.8,77,61,Yes,2,3,2,97.5,No,Networking,Placed,IT Services,5.77
STU0633,Male,22,B.Sc Networking,8.27,98.0,77.2,0,5.2,8.3,88,60,Yes,4,0,2,100.0,No,Software Development,Not Placed,None,0.0
STU0634,Male,22,B.Sc Networking,7.9,64.8,72.4,0,8.3,8.0,49,92,No,0,3,3,79.3,No,Networking,Not Placed,None,0.0
STU0635,Female,23,B.Tech CSE,6.24,78.4,80.2,0,8.4,8.7,63,72,Yes,1,2,2,68.0,No,Software Development,Placed,Consulting,3.85
STU0636,Female,21,B.Tech CSE,6.83,55.2,92.0,0,7.5,5.6,84,68,Yes,4,0,2,67.2,No,Software Development,Not Placed,None,0.0
STU0637,Male,21,B.Sc Data Science,7.55,81.5,71.6,0,8.3,6.8,84,79,Yes,2,2,4,94.6,Yes,Networking,Placed,IT Services,4.87
STU0638,Female,21,B.Tech CSE,7.73,70.5,74.8,0,6.7,5.7,66,71,Yes,3,0,2,83.6,Yes,Data Analytics,Placed,IT Services,3.63
STU0639,Female,24,B.Sc Data Science,6.69,95.2,76.1,0,8.9,6.5,58,57,Yes,4,3,1,85.5,Yes,Cloud Computing,Placed,IT Services,3.27
STU0640,Female,23,B.Tech CSE,9.7,68.3,98.0,0,7.0,8.6,81,83,No,0,2,2,69.7,Yes,Cloud Computing,Placed,IT Services,4.76
STU0641,Female,22,BCA,8.94,59.1,50.9,0,7.1,7.3,85,46,Yes,2,4,3,78.0,Yes,Cyber Security,Not Placed,None,0.0
STU0642,Female,22,B.Sc Networking,8.16,71.3,81.5,0,6.6,10.0,52,70,No,0,0,3,81.6,Yes,Data Analytics,Not Placed,None,0.0
STU0643,Female,21,B.Tech CSE,7.71,56.2,72.7,0,8.1,7.4,51,39,No,0,2,2,85.7,No,Software Development,Placed,Consulting,5.74
STU0644,Female,22,B.Tech IT,7.47,83.5,80.2,0,6.3,7.2,71,68,Yes,3,1,4,80.8,No,Software Development,Not Placed,None,0.0
STU0645,Female,21,B.Sc Networking,6.84,55.3,66.8,0,8.6,7.3,77,68,No,0,2,0,75.7,Yes,Software Development,Not Placed,None,0.0
STU0646,Male,22,B.Sc Computer Science,7.72,76.3,73.5,0,5.2,6.1,64,93,Yes,2,2,3,77.7,No,Software Development,Not Placed,None,0.0
STU0647,Male,21,B.Sc Data Science,7.87,55.2,81.8,0,5.2,7.0,78,38,No,0,2,2,93.7,Yes,Software Development,Not Placed,None,0.0
STU0648,Male,22,B.Tech IT,6.59,72.8,98.0,0,8.1,8.8,58,55,No,0,3,3,86.0,No,Software Development,Not Placed,None,0.0
STU0649,Male,22,B.Sc Computer Science,7.93,92.4,82.9,0,6.9,7.3,38,79,Yes,1,3,5,88.9,Yes,Software Development,Placed,IT Services,4.72
STU0650,Male,22,B.Sc Computer Science,7.52,79.6,64.7,0,6.3,5.9,62,71,No,0,0,3,76.8,Yes,Data Analytics,Not Placed,None,0.0
STU0651,Female,20,BCA,6.03,67.4,69.3,0,8.4,5.7,69,68,Yes,2,1,5,60.4,No,Data Analytics,Not Placed,None,0.0
STU0652,Male,21,B.Sc Computer Science,6.92,75.7,69.0,1,6.0,6.4,64,49,Yes,2,2,2,79.8,Yes,Software Development,Not Placed,None,0.0
STU0653,Male,21,B.Sc Computer Science,7.3,76.2,54.2,0,6.7,7.2,52,55,No,0,2,0,77.1,Yes,Software Development,Not Placed,None,0.0
STU0654,Male,21,B.Sc Networking,9.25,80.7,70.4,0,9.2,8.9,43,86,Yes,4,0,2,86.8,Yes,Software Development,Placed,Consulting,6.36
STU0655,Female,21,B.Tech CSE,8.12,62.3,82.1,0,9.5,5.1,61,64,Yes,2,2,2,100.0,Yes,Software Development,Not Placed,None,0.0
STU0656,Female,23,B.Sc Computer Science,6.51,81.9,60.0,0,9.5,6.6,81,71,Yes,1,1,2,89.6,No,Software Development,Placed,Consulting,5.38
STU0657,Female,22,B.Tech CSE,8.06,49.0,85.5,0,6.5,7.3,86,63,No,0,1,1,100.0,Yes,AI/ML,Placed,Consulting,4.94
STU0658,Female,21,B.Tech CSE,6.33,69.7,79.4,0,9.0,4.3,85,45,Yes,2,3,3,88.6,No,Data Analytics,Placed,IT Services,4.73
STU0659,Male,21,BCA,8.57,71.1,65.9,0,5.5,5.8,57,81,No,0,1,2,79.0,Yes,AI/ML,Not Placed,None,0.0
STU0660,Male,21,B.Tech IT,7.25,82.3,72.4,0,5.5,6.1,52,74,Yes,3,0,1,86.8,Yes,Data Analytics,Not Placed,None,0.0
STU0661,Female,22,B.Sc Computer Science,7.57,76.2,91.6,0,3.2,5.9,75,100,Yes,2,0,2,98.2,Yes,AI/ML,Not Placed,None,0.0
STU0662,Male,21,B.Sc Data Science,8.78,61.9,82.1,0,9.7,7.4,77,48,No,0,3,4,98.6,No,Data Analytics,Placed,IT Services,3.76
STU0663,Male,23,BCA,6.56,66.2,74.1,0,5.6,6.9,74,79,Yes,4,5,2,79.4,Yes,AI/ML,Placed,Product Company,5.52
STU0664,Female,21,B.Tech CSE,6.46,78.0,71.4,0,6.8,6.3,40,43,No,0,2,4,86.0,Yes,Cloud Computing,Not Placed,None,0.0
STU0665,Female,24,B.Tech IT,7.15,75.2,74.8,0,5.5,7.7,56,68,Yes,1,1,3,72.6,Yes,Cloud Computing,Not Placed,None,0.0
STU0666,Female,22,BCA,8.53,70.2,68.4,0,8.1,9.7,68,82,Yes,3,4,3,90.6,Yes,Software Development,Placed,IT Services,5.46
STU0667,Female,21,B.Sc Networking,6.36,71.2,50.8,0,6.4,9.6,75,30,Yes,1,2,2,96.4,No,AI/ML,Not Placed,None,0.0
STU0668,Female,23,B.Tech IT,5.24,83.0,96.5,0,4.9,4.2,79,62,No,0,3,2,84.3,Yes,Software Development,Not Placed,None,0.0
STU0669,Female,21,B.Tech CSE,7.27,70.8,75.7,0,7.7,8.0,70,55,Yes,4,3,3,78.7,Yes,Networking,Placed,Startup,3.48
STU0670,Female,22,BCA,8.12,75.1,78.4,0,4.7,6.8,73,53,No,0,1,2,86.9,Yes,Software Development,Placed,Startup,4.26
STU0671,Female,21,B.Tech IT,8.67,97.7,73.4,1,5.7,7.3,69,72,Yes,6,1,2,87.3,Yes,Data Analytics,Not Placed,None,0.0
STU0672,Male,22,B.Sc Computer Science,7.26,61.8,65.9,3,3.6,6.5,78,84,No,0,0,1,84.6,Yes,Networking,Not Placed,None,0.0
STU0673,Female,22,B.Tech CSE,7.3,57.5,72.0,0,4.7,7.3,72,63,Yes,6,1,4,85.4,Yes,Data Analytics,Not Placed,None,0.0
STU0674,Male,22,BCA,8.63,83.8,56.4,0,7.3,7.3,69,68,No,0,3,3,82.6,Yes,AI/ML,Placed,IT Services,3.59
STU0675,Female,22,B.Sc Data Science,6.06,69.2,98.0,0,3.9,6.2,64,67,No,0,4,3,92.0,Yes,AI/ML,Not Placed,None,0.0
STU0676,Male,21,BCA,7.32,72.8,60.4,0,4.6,5.8,69,65,No,0,2,3,89.9,Yes,Networking,Not Placed,None,0.0
STU0677,Female,21,B.Sc Computer Science,7.81,68.2,62.6,0,7.0,6.4,75,46,Yes,2,1,4,76.1,No,Networking,Not Placed,None,0.0
STU0678,Female,21,B.Sc Networking,8.03,73.4,69.2,0,6.1,7.5,72,84,Yes,2,0,3,75.9,No,Software Development,Not Placed,None,0.0
STU0679,Male,21,B.Sc Networking,7.22,92.0,88.2,2,10.0,8.0,73,70,Yes,3,0,3,82.0,Yes,Software Development,Placed,Product Company,4.68
STU0680,Male,22,B.Tech IT,7.68,84.0,74.2,0,9.9,8.4,87,72,No,0,1,5,89.9,Yes,Cloud Computing,Not Placed,None,0.0
STU0681,Male,21,BCA,5.53,84.6,60.4,0,5.6,6.4,72,51,Yes,6,1,4,85.2,No,Cyber Security,Not Placed,None,0.0
STU0682,Female,23,B.Tech CSE,7.09,61.8,87.8,0,7.9,7.5,59,57,Yes,3,2,1,78.9,No,Software Development,Not Placed,None,0.0
STU0683,Female,22,B.Sc Networking,8.04,64.5,82.0,1,8.2,8.5,80,62,Yes,4,0,2,86.1,Yes,Cyber Security,Placed,IT Services,5.09
STU0684,Male,22,B.Sc Computer Science,6.82,47.6,79.9,0,6.0,8.8,49,39,Yes,6,5,4,81.4,No,AI/ML,Not Placed,None,0.0
STU0685,Male,21,B.Sc Computer Science,7.7,67.9,81.9,0,4.6,7.0,53,36,Yes,4,1,4,91.0,No,Cloud Computing,Not Placed,None,0.0
STU0686,Male,22,B.Sc Networking,8.03,85.6,98.0,0,7.0,6.8,73,55,No,0,3,3,86.7,Yes,AI/ML,Placed,IT Services,2.84
STU0687,Male,23,B.Sc Networking,7.36,81.2,98.0,1,6.7,7.4,75,74,Yes,3,2,3,81.5,Yes,Data Analytics,Placed,IT Services,3.83
STU0688,Female,21,B.Sc Computer Science,7.79,73.8,66.4,0,6.3,5.4,51,54,No,0,0,3,85.9,No,Software Development,Placed,Product Company,5.51
STU0689,Male,22,B.Sc Computer Science,6.83,75.8,91.9,1,7.7,6.8,63,48,No,0,3,3,94.5,Yes,Software Development,Not Placed,None,0.0
STU0690,Female,22,B.Sc Computer Science,7.47,69.1,78.2,0,5.8,8.2,60,51,Yes,2,2,3,79.4,No,Software Development,Not Placed,None,0.0
STU0691,Female,21,B.Tech IT,8.17,78.0,79.5,0,5.2,8.1,61,57,Yes,4,2,1,87.2,No,Networking,Placed,Product Company,6.01
STU0692,Female,21,B.Tech IT,7.78,83.7,55.4,0,7.2,6.7,81,59,Yes,3,2,5,83.4,No,Data Analytics,Placed,IT Services,4.52
STU0693,Male,21,B.Sc Networking,7.15,59.8,72.1,0,7.6,7.4,78,100,No,0,0,4,87.4,Yes,Cloud Computing,Placed,IT Services,3.45
STU0694,Female,21,B.Sc Computer Science,7.84,79.0,65.1,0,5.1,5.9,68,83,Yes,6,2,3,78.8,Yes,Data Analytics,Not Placed,None,0.0
STU0695,Female,21,B.Sc Data Science,8.26,85.3,83.1,1,8.5,8.2,60,82,Yes,1,4,2,84.9,Yes,Networking,Placed,Startup,5.72
STU0696,Male,20,B.Tech IT,5.91,71.8,85.8,0,4.2,7.0,49,85,Yes,3,0,2,92.9,No,Cloud Computing,Not Placed,None,0.0
STU0697,Female,20,B.Tech CSE,8.64,83.0,51.2,0,6.1,6.7,88,48,Yes,4,1,2,76.5,No,Software Development,Placed,IT Services,5.33
STU0698,Male,21,BCA,7.36,98.0,73.8,0,6.6,6.6,76,44,Yes,2,4,3,73.4,Yes,Software Development,Not Placed,None,0.0
STU0699,Female,23,B.Tech CSE,8.01,75.0,86.3,0,6.0,7.0,58,46,Yes,3,1,3,73.7,Yes,Software Development,Not Placed,None,0.0
STU0700,Male,22,B.Tech CSE,8.67,79.9,71.9,0,6.1,6.4,78,88,No,0,2,2,74.6,No,Cloud Computing,Placed,IT Services,3.85
STU0701,Male,23,B.Tech IT,6.48,68.6,82.0,0,10.0,8.1,67,56,No,0,2,3,88.8,No,AI/ML,Not Placed,None,0.0
STU0702,Female,21,B.Sc Data Science,7.05,77.8,77.9,0,5.6,6.5,64,44,Yes,2,2,4,72.8,Yes,Data Analytics,Placed,FinTech,3.74
STU0703,Female,21,B.Sc Networking,7.4,80.6,77.8,0,10.0,9.5,74,58,Yes,2,1,0,81.6,Yes,Cloud Computing,Placed,Startup,4.33
STU0704,Female,21,B.Sc Networking,6.98,77.9,71.0,2,7.7,9.3,58,61,No,0,1,3,88.9,No,Software Development,Not Placed,None,0.0
STU0705,Female,21,B.Tech CSE,9.12,65.8,60.6,0,7.1,5.8,63,70,Yes,2,0,4,87.3,No,Software Development,Placed,Startup,4.35
STU0706,Male,21,B.Tech CSE,6.92,78.1,61.7,1,7.8,7.2,70,69,No,0,3,3,80.9,No,Cloud Computing,Not Placed,None,0.0
STU0707,Female,22,B.Sc Networking,7.18,90.6,81.8,0,10.0,6.1,61,51,Yes,2,3,3,85.5,Yes,Data Analytics,Not Placed,None,0.0
STU0708,Male,21,BCA,7.82,80.5,74.2,0,5.4,6.6,77,77,No,0,2,3,84.9,Yes,Cyber Security,Placed,IT Services,2.62
STU0709,Female,22,B.Sc Networking,6.63,85.6,72.5,0,5.2,10.0,94,54,No,0,2,5,82.2,Yes,Data Analytics,Placed,FinTech,3.61
STU0710,Male,22,BCA,7.31,73.6,69.3,0,5.8,6.6,57,62,Yes,3,1,1,82.3,No,Networking,Not Placed,None,0.0
STU0711,Male,21,B.Tech CSE,7.92,83.5,70.6,1,7.1,7.6,45,77,No,0,0,3,100.0,No,Cyber Security,Not Placed,None,0.0
STU0712,Male,20,B.Tech IT,7.37,78.8,85.5,0,4.2,7.9,40,54,Yes,3,3,1,90.5,No,Software Development,Not Placed,None,0.0
STU0713,Female,22,B.Sc Computer Science,7.57,66.5,70.3,0,7.0,5.6,66,55,Yes,2,2,1,100.0,Yes,AI/ML,Not Placed,None,0.0
STU0714,Female,21,B.Sc Computer Science,7.2,79.2,59.2,1,9.7,5.8,59,75,Yes,2,1,2,80.0,No,Cloud Computing,Placed,Product Company,5.57
STU0715,Female,20,B.Sc Networking,6.36,66.1,82.2,0,7.2,5.3,71,50,No,0,0,1,83.3,Yes,Software Development,Not Placed,None,0.0
STU0716,Male,24,BCA,7.92,69.7,71.7,0,6.5,5.8,70,58,Yes,4,0,5,73.3,Yes,Software Development,Not Placed,None,0.0
STU0717,Male,20,B.Tech IT,9.14,77.9,74.3,0,6.0,2.8,46,74,No,0,1,5,77.5,Yes,Networking,Not Placed,None,0.0
STU0718,Male,22,B.Sc Data Science,7.67,79.0,91.7,1,8.4,7.9,43,100,Yes,2,3,2,99.2,No,Cyber Security,Not Placed,None,0.0
STU0719,Female,24,B.Tech CSE,7.84,64.1,73.8,0,5.7,10.0,72,75,Yes,3,4,3,79.8,No,Data Analytics,Not Placed,None,0.0
STU0720,Male,21,B.Sc Networking,8.24,86.5,77.2,0,10.0,7.3,70,73,No,0,4,3,99.4,Yes,Cloud Computing,Placed,Consulting,5.5
STU0721,Male,21,B.Sc Data Science,6.57,81.7,61.0,0,10.0,5.0,62,74,Yes,3,4,4,74.1,Yes,Data Analytics,Not Placed,None,0.0
STU0722,Female,21,B.Tech CSE,9.1,69.0,71.6,2,7.4,6.1,45,47,Yes,1,4,3,75.6,No,Software Development,Placed,IT Services,5.5
STU0723,Female,21,B.Tech CSE,7.82,60.6,80.7,0,7.0,6.4,75,67,Yes,3,2,0,81.3,Yes,Networking,Not Placed,None,0.0
STU0724,Male,21,B.Sc Computer Science,9.04,74.6,56.9,0,8.6,5.6,86,64,Yes,1,1,4,83.5,No,AI/ML,Placed,Startup,4.7
STU0725,Male,22,B.Sc Computer Science,7.03,71.5,76.2,0,8.8,8.4,72,70,No,0,3,4,91.4,Yes,AI/ML,Not Placed,None,0.0
STU0726,Male,20,BCA,9.2,77.1,75.1,2,5.7,8.3,56,67,Yes,4,1,3,87.6,Yes,Networking,Not Placed,None,0.0
STU0727,Female,21,B.Sc Networking,8.31,72.4,74.5,1,6.2,5.4,69,71,Yes,3,1,4,80.7,Yes,Software Development,Not Placed,None,0.0
STU0728,Male,24,BCA,8.12,55.9,85.4,3,4.9,8.2,49,60,Yes,2,1,4,82.9,Yes,Networking,Not Placed,None,0.0
STU0729,Female,22,BCA,7.85,72.1,77.7,0,7.7,9.4,83,66,Yes,6,2,3,81.4,Yes,Cyber Security,Placed,Consulting,3.53
STU0730,Female,22,B.Sc Computer Science,7.44,72.9,90.3,0,8.1,10.0,69,44,Yes,4,1,3,76.7,Yes,AI/ML,Placed,Consulting,2.98
STU0731,Female,21,B.Tech CSE,8.67,82.3,63.1,0,4.8,10.0,43,60,No,0,0,5,76.9,Yes,Software Development,Not Placed,None,0.0
STU0732,Male,22,B.Sc Computer Science,7.77,69.0,75.5,1,6.3,5.7,64,89,No,0,1,2,92.2,Yes,Cyber Security,Not Placed,None,0.0
STU0733,Male,21,B.Sc Networking,5.98,92.8,74.9,0,4.8,10.0,74,70,Yes,2,3,2,69.4,No,Software Development,Placed,Startup,4.17
STU0734,Male,21,B.Sc Data Science,6.7,56.9,62.2,0,5.6,6.6,63,65,Yes,6,2,2,96.9,Yes,Software Development,Not Placed,None,0.0
STU0735,Female,21,B.Sc Data Science,7.49,89.1,84.5,1,7.9,6.2,64,97,No,0,3,4,81.3,Yes,AI/ML,Placed,IT Services,3.33
STU0736,Male,23,B.Tech CSE,7.91,73.8,98.0,0,5.8,7.6,51,42,Yes,4,0,4,77.8,No,Software Development,Not Placed,None,0.0
STU0737,Female,21,B.Sc Data Science,7.6,84.6,73.8,0,6.5,6.2,76,46,Yes,2,0,1,89.9,Yes,Software Development,Not Placed,None,0.0
STU0738,Male,21,B.Tech IT,8.69,76.8,79.6,0,4.4,7.7,59,94,No,0,2,5,95.9,Yes,Data Analytics,Placed,Startup,4.27
STU0739,Female,21,B.Sc Data Science,5.99,87.4,74.9,0,7.3,5.1,38,66,Yes,6,1,4,92.9,No,Networking,Placed,Product Company,3.77
STU0740,Female,21,B.Sc Networking,7.77,72.1,66.2,1,6.9,6.7,63,61,Yes,3,2,4,88.0,No,Networking,Not Placed,None,0.0
STU0741,Female,22,B.Sc Computer Science,6.1,65.0,54.0,0,5.8,9.0,82,45,No,0,3,1,92.7,No,AI/ML,Not Placed,None,0.0
STU0742,Female,22,BCA,8.3,90.2,66.2,0,6.7,7.0,63,73,No,0,3,3,70.3,Yes,Data Analytics,Placed,Product Company,7.11
STU0743,Male,22,BCA,7.57,74.9,58.7,0,7.3,7.3,92,74,Yes,3,4,3,79.8,No,Cyber Security,Not Placed,None,0.0
STU0744,Male,20,B.Sc Networking,8.01,78.2,92.7,0,5.7,7.8,74,46,Yes,1,1,3,76.7,Yes,Networking,Not Placed,None,0.0
STU0745,Female,21,B.Tech IT,6.92,88.3,72.7,0,4.6,8.9,73,63,Yes,3,1,3,93.8,Yes,Software Development,Placed,IT Services,4.32
STU0746,Male,21,B.Tech CSE,8.74,65.7,70.2,0,9.9,4.6,66,59,No,0,2,4,80.9,No,AI/ML,Placed,IT Services,4.48
STU0747,Female,20,B.Tech IT,8.54,82.0,83.8,0,6.0,8.0,67,69,Yes,4,0,2,90.8,Yes,Networking,Placed,Product Company,6.82
STU0748,Male,21,B.Sc Networking,8.15,70.1,61.7,0,6.8,6.7,64,46,Yes,2,1,4,88.3,No,Cloud Computing,Not Placed,None,0.0
STU0749,Male,22,B.Tech CSE,7.54,74.7,65.6,0,8.6,7.3,64,86,No,0,1,2,77.1,Yes,Software Development,Not Placed,None,0.0
STU0750,Male,21,B.Tech IT,8.14,76.7,74.7,0,10.0,8.7,75,81,Yes,2,1,2,79.3,Yes,Software Development,Placed,Startup,5.51
STU0751,Female,22,B.Sc Computer Science,7.05,61.0,85.3,1,5.0,5.3,55,59,Yes,3,0,1,94.4,No,Cloud Computing,Not Placed,None,0.0
STU0752,Male,21,B.Tech CSE,8.38,68.2,79.5,0,7.7,5.6,53,61,Yes,1,0,2,77.8,Yes,AI/ML,Not Placed,None,0.0
STU0753,Male,20,BCA,9.05,89.5,76.7,1,5.9,4.2,52,63,Yes,3,2,2,85.0,No,AI/ML,Not Placed,None,0.0
STU0754,Female,21,B.Sc Computer Science,8.56,84.9,74.9,0,6.1,6.3,97,52,Yes,6,2,4,77.7,No,Software Development,Not Placed,None,0.0
STU0755,Female,23,B.Sc Data Science,7.03,75.4,78.4,0,5.8,9.1,75,57,No,0,2,3,81.5,No,Cyber Security,Not Placed,None,0.0
STU0756,Male,22,BCA,7.96,78.4,76.2,0,5.2,6.9,72,60,No,0,2,3,83.6,Yes,Cyber Security,Placed,IT Services,3.42
STU0757,Male,23,B.Sc Computer Science,6.55,73.1,62.7,0,6.9,5.1,53,92,Yes,3,0,3,77.7,Yes,Data Analytics,Placed,Consulting,4.39
STU0758,Male,21,B.Sc Data Science,8.14,89.6,74.5,0,4.6,6.4,77,81,Yes,4,1,1,76.3,No,Cloud Computing,Placed,FinTech,5.83
STU0759,Male,21,B.Tech CSE,8.03,74.0,62.2,0,8.5,4.9,66,81,Yes,6,0,2,86.3,No,Cloud Computing,Placed,Product Company,4.9
STU0760,Male,22,B.Sc Networking,6.06,78.3,74.9,3,7.1,5.4,71,71,Yes,6,3,3,77.2,Yes,Cloud Computing,Not Placed,None,0.0
STU0761,Female,21,B.Sc Networking,6.66,87.5,68.7,0,7.7,7.7,54,46,Yes,2,3,3,77.5,No,Cloud Computing,Not Placed,None,0.0
STU0762,Female,22,B.Sc Networking,7.41,68.2,98.0,0,6.3,5.3,70,64,No,0,1,4,76.5,Yes,Networking,Not Placed,None,0.0
STU0763,Female,21,B.Tech IT,7.39,91.6,73.6,1,6.4,8.8,62,81,Yes,2,1,2,83.4,No,Software Development,Not Placed,None,0.0
STU0764,Male,21,B.Sc Computer Science,6.62,60.7,58.6,0,7.5,7.0,57,44,Yes,2,5,4,91.5,Yes,Networking,Not Placed,None,0.0
STU0765,Female,21,B.Sc Networking,7.98,92.3,72.5,1,5.1,7.2,78,76,Yes,1,2,3,96.1,Yes,Cloud Computing,Not Placed,None,0.0
STU0766,Male,21,B.Sc Data Science,7.86,72.3,79.7,0,6.4,6.7,46,100,Yes,2,3,5,78.2,Yes,Software Development,Not Placed,None,0.0
STU0767,Male,22,B.Tech IT,7.48,73.6,92.4,2,5.6,8.3,76,83,Yes,4,1,2,100.0,Yes,Networking,Placed,Startup,3.52
STU0768,Male,21,BCA,7.01,57.1,67.5,0,5.6,8.3,78,89,Yes,4,1,3,76.0,No,Cyber Security,Not Placed,None,0.0
STU0769,Female,21,B.Tech IT,8.54,71.5,56.6,0,3.6,7.6,56,69,Yes,4,3,3,92.7,Yes,Cloud Computing,Not Placed,None,0.0
STU0770,Male,21,B.Tech CSE,9.06,65.6,83.0,0,9.1,7.9,57,81,No,0,2,5,78.2,No,Cyber Security,Placed,IT Services,4.87
STU0771,Female,21,B.Sc Networking,7.24,69.9,58.8,0,5.9,6.8,65,53,Yes,3,2,2,77.0,Yes,AI/ML,Placed,Product Company,3.25
STU0772,Male,22,BCA,7.13,74.6,69.2,0,8.9,7.9,72,79,Yes,3,2,3,78.0,Yes,Data Analytics,Not Placed,None,0.0
STU0773,Female,23,B.Tech CSE,8.07,85.6,71.2,0,8.7,6.6,66,76,Yes,2,2,2,83.6,Yes,Data Analytics,Placed,IT Services,4.56
STU0774,Female,23,B.Sc Computer Science,7.35,78.1,73.2,0,4.9,7.1,74,70,No,0,3,3,88.6,Yes,AI/ML,Not Placed,None,0.0
STU0775,Male,22,B.Tech IT,7.53,79.1,81.6,0,5.3,6.7,93,87,Yes,3,1,2,89.4,Yes,Networking,Placed,IT Services,3.79
STU0776,Female,21,B.Sc Computer Science,8.28,65.0,66.5,1,10.0,6.4,61,56,Yes,3,1,1,76.4,Yes,AI/ML,Placed,IT Services,5.97
STU0777,Female,22,B.Sc Networking,6.03,67.2,71.0,1,9.8,6.1,44,62,Yes,3,3,3,76.1,No,Cyber Security,Not Placed,None,0.0
STU0778,Male,21,B.Sc Networking,8.77,94.0,73.8,0,6.9,7.8,80,67,No,0,1,2,76.7,Yes,Data Analytics,Placed,IT Services,4.5
STU0779,Male,21,B.Sc Computer Science,7.71,68.6,75.6,0,7.4,9.1,92,47,Yes,2,2,2,83.1,Yes,Software Development,Not Placed,None,0.0
STU0780,Male,22,BCA,7.3,92.6,75.1,1,6.0,8.9,73,69,Yes,2,2,2,82.3,No,Software Development,Placed,IT Services,3.65
STU0781,Male,20,B.Sc Networking,7.57,73.6,78.8,0,7.7,5.2,53,36,Yes,4,5,1,76.4,Yes,Data Analytics,Placed,IT Services,3.2
STU0782,Male,23,B.Tech CSE,7.62,76.0,83.3,1,5.9,9.0,66,83,Yes,3,1,5,86.2,Yes,Data Analytics,Not Placed,None,0.0
STU0783,Female,21,B.Sc Data Science,6.18,86.7,78.3,2,3.7,6.6,52,66,Yes,4,1,3,100.0,Yes,Data Analytics,Not Placed,None,0.0
STU0784,Female,22,B.Tech CSE,8.92,88.7,79.0,0,4.9,8.0,77,56,Yes,2,3,4,80.0,Yes,Cloud Computing,Placed,Product Company,6.61
STU0785,Female,22,B.Tech CSE,7.69,74.9,56.6,1,7.0,5.7,49,51,No,0,3,3,80.5,Yes,Software Development,Not Placed,None,0.0
STU0786,Male,23,BCA,8.03,72.1,74.6,0,5.2,7.3,64,61,No,0,3,4,88.5,Yes,Software Development,Not Placed,None,0.0
STU0787,Male,22,B.Sc Data Science,8.46,75.4,79.3,0,6.9,7.6,54,77,Yes,3,1,3,79.5,No,Networking,Placed,FinTech,4.23
STU0788,Female,22,BCA,6.78,79.4,82.0,0,5.3,4.9,70,74,Yes,3,1,3,89.4,No,Cloud Computing,Not Placed,None,0.0
STU0789,Female,20,B.Sc Data Science,8.05,84.9,66.4,0,5.7,8.0,63,53,Yes,2,2,3,78.3,Yes,Cloud Computing,Placed,FinTech,4.61
STU0790,Male,21,B.Sc Data Science,7.42,76.0,66.8,1,8.4,9.1,70,51,Yes,2,3,4,98.7,No,Software Development,Not Placed,None,0.0
STU0791,Female,21,B.Tech CSE,8.37,82.2,67.7,0,7.4,6.8,68,76,No,0,4,3,86.8,Yes,Software Development,Not Placed,None,0.0
STU0792,Male,22,B.Sc Data Science,5.84,92.4,79.9,0,7.0,9.1,54,53,No,0,0,2,79.0,Yes,Cloud Computing,Not Placed,None,0.0
STU0793,Male,21,B.Tech IT,7.57,79.8,85.4,0,8.4,6.8,77,66,Yes,4,1,1,79.3,Yes,AI/ML,Placed,Product Company,6.31
STU0794,Male,22,BCA,7.14,79.1,69.5,0,7.8,8.4,67,67,Yes,4,1,3,79.9,Yes,Cyber Security,Placed,IT Services,3.08
STU0795,Female,20,B.Sc Computer Science,8.02,60.8,84.0,2,9.3,3.8,54,70,Yes,2,5,3,95.0,Yes,Data Analytics,Placed,Product Company,5.88
STU0796,Male,21,B.Tech IT,8.05,49.7,75.4,0,6.3,10.0,99,80,No,0,2,1,73.8,Yes,Cloud Computing,Not Placed,None,0.0
STU0797,Male,22,B.Sc Networking,7.05,79.9,72.6,0,6.3,9.3,75,44,No,0,1,2,78.7,No,Data Analytics,Placed,FinTech,2.93
STU0798,Male,20,B.Tech IT,7.04,75.1,71.7,0,4.9,6.7,66,33,No,0,0,3,79.5,No,Software Development,Not Placed,None,0.0
STU0799,Male,20,B.Sc Data Science,7.56,70.9,82.2,0,6.3,4.1,88,55,No,0,2,4,83.9,Yes,AI/ML,Placed,IT Services,3.08
STU0800,Male,20,BCA,6.89,78.4,77.6,0,8.5,7.5,94,96,Yes,2,0,1,81.8,No,Data Analytics,Not Placed,None,0.0
STU0801,Male,23,B.Tech CSE,8.37,75.4,98.0,0,9.1,4.9,66,99,No,0,3,2,72.1,No,Software Development,Not Placed,None,0.0
STU0802,Female,22,B.Sc Data Science,7.34,87.3,64.6,0,8.5,7.8,73,96,No,0,3,4,80.8,Yes,Cyber Security,Placed,IT Services,5.97
STU0803,Male,21,B.Sc Data Science,5.18,76.9,79.7,0,4.1,7.7,54,62,Yes,3,1,3,83.2,Yes,Cloud Computing,Not Placed,None,0.0
STU0804,Male,21,B.Sc Data Science,7.33,68.5,68.2,1,8.7,5.7,66,35,Yes,4,1,2,79.0,Yes,Cloud Computing,Not Placed,None,0.0
STU0805,Female,21,B.Tech IT,6.77,85.9,64.4,0,4.1,8.8,65,25,No,0,4,4,89.5,Yes,Data Analytics,Not Placed,None,0.0
STU0806,Male,22,B.Sc Data Science,6.26,73.8,73.9,0,8.4,8.3,71,55,Yes,3,1,3,91.4,Yes,Cloud Computing,Placed,Product Company,6.27
STU0807,Male,22,B.Tech CSE,6.6,81.3,75.5,0,6.4,8.6,73,62,No,0,1,3,83.4,Yes,Cloud Computing,Not Placed,None,0.0
STU0808,Male,21,B.Sc Networking,7.74,71.2,98.0,1,8.1,7.1,76,87,No,0,4,5,85.8,Yes,Data Analytics,Placed,Startup,5.73
STU0809,Female,21,B.Sc Computer Science,8.78,69.5,72.0,1,4.9,5.0,71,80,No,0,3,5,66.7,Yes,Networking,Placed,IT Services,4.12
STU0810,Female,21,B.Tech CSE,7.92,76.8,61.6,1,8.9,8.6,51,69,No,0,3,2,80.6,Yes,Data Analytics,Not Placed,None,0.0
STU0811,Male,22,BCA,7.13,76.1,77.0,0,4.7,6.7,55,50,Yes,4,0,1,92.0,Yes,AI/ML,Not Placed,None,0.0
STU0812,Male,22,B.Tech IT,8.04,80.8,51.2,3,5.9,5.0,60,49,No,0,0,2,80.6,Yes,Networking,Not Placed,None,0.0
STU0813,Female,21,B.Tech CSE,7.26,73.3,73.0,0,5.4,9.1,64,69,Yes,2,0,0,78.1,Yes,Networking,Placed,IT Services,2.9
STU0814,Male,20,B.Sc Networking,7.06,57.6,74.2,0,4.2,10.0,83,77,Yes,3,1,0,100.0,Yes,Cloud Computing,Not Placed,None,0.0
STU0815,Male,21,B.Tech IT,6.67,71.7,82.7,3,7.2,7.0,52,72,Yes,2,3,2,98.6,No,Cloud Computing,Not Placed,None,0.0
STU0816,Male,23,B.Tech CSE,6.16,83.9,84.7,0,9.9,10.0,63,47,Yes,3,1,5,87.7,Yes,Cloud Computing,Not Placed,None,0.0
STU0817,Male,21,B.Sc Computer Science,7.32,73.0,68.5,0,10.0,7.2,81,76,No,0,2,4,93.1,Yes,Cloud Computing,Not Placed,None,0.0
STU0818,Female,22,B.Sc Networking,7.78,73.5,72.3,0,7.2,6.5,64,72,No,0,1,3,66.2,Yes,Software Development,Placed,FinTech,4.03
STU0819,Female,22,B.Sc Networking,7.57,85.9,65.6,0,8.8,6.2,74,47,Yes,3,1,3,77.7,No,Networking,Placed,Startup,5.4
STU0820,Female,21,B.Sc Computer Science,7.3,68.9,61.6,2,7.4,9.6,66,52,Yes,3,5,0,80.2,No,Data Analytics,Not Placed,None,0.0
STU0821,Male,21,B.Sc Data Science,6.85,60.6,77.4,0,7.8,5.9,72,77,Yes,2,1,2,82.1,Yes,Cyber Security,Not Placed,None,0.0
STU0822,Female,21,BCA,8.17,74.4,60.0,0,6.5,8.2,65,61,Yes,6,1,0,80.1,Yes,Cyber Security,Not Placed,None,0.0
STU0823,Female,22,B.Tech IT,6.53,71.2,69.4,0,7.3,6.3,77,92,No,0,1,4,63.6,Yes,Software Development,Not Placed,None,0.0
STU0824,Female,22,BCA,8.31,66.3,63.1,0,7.9,6.4,46,74,Yes,4,0,1,87.1,Yes,Cloud Computing,Placed,Product Company,3.98
STU0825,Male,22,BCA,6.8,74.2,80.0,0,6.1,8.6,63,57,No,0,2,4,88.3,No,Data Analytics,Not Placed,None,0.0
STU0826,Male,22,B.Tech CSE,7.01,80.9,93.8,0,6.9,6.5,72,65,No,0,1,3,96.8,Yes,Software Development,Not Placed,None,0.0
STU0827,Female,20,B.Tech CSE,6.4,75.9,59.7,0,6.9,6.5,75,66,Yes,2,2,2,77.7,Yes,Cloud Computing,Not Placed,None,0.0
STU0828,Female,23,B.Sc Networking,7.22,79.1,53.6,0,8.3,8.8,89,53,No,0,3,1,77.0,Yes,Cyber Security,Not Placed,None,0.0
STU0829,Male,22,B.Sc Computer Science,8.48,94.1,72.6,2,5.3,9.5,63,49,Yes,2,2,3,62.6,Yes,Software Development,Not Placed,None,0.0
STU0830,Female,21,B.Sc Networking,8.09,72.6,74.2,0,6.9,8.1,89,77,Yes,3,0,4,81.7,No,Networking,Not Placed,None,0.0
STU0831,Female,23,B.Sc Computer Science,8.48,78.8,76.4,0,10.0,6.1,59,79,No,0,2,4,91.2,Yes,Cyber Security,Placed,Product Company,5.53
STU0832,Female,22,B.Tech CSE,8.09,70.9,69.1,0,8.9,6.3,87,75,No,0,0,2,79.1,No,AI/ML,Not Placed,None,0.0
STU0833,Female,22,B.Sc Networking,6.71,67.5,71.8,0,9.2,7.2,79,91,Yes,3,2,3,100.0,Yes,Software Development,Not Placed,None,0.0
STU0834,Female,22,BCA,7.37,70.2,78.0,1,7.0,7.6,55,56,Yes,4,2,2,81.9,Yes,Software Development,Not Placed,None,0.0
STU0835,Male,22,B.Sc Computer Science,6.99,71.2,85.4,3,7.5,5.6,72,93,Yes,1,0,5,85.2,Yes,Software Development,Not Placed,None,0.0
STU0836,Female,22,B.Sc Data Science,8.78,79.6,52.5,0,8.6,8.2,67,50,Yes,4,3,4,73.1,Yes,Data Analytics,Placed,IT Services,4.84
STU0837,Male,21,B.Sc Data Science,6.63,98.0,69.9,1,9.5,7.2,77,48,No,0,4,3,86.3,Yes,Cloud Computing,Placed,IT Services,3.14
STU0838,Female,21,B.Sc Networking,8.41,68.8,76.4,0,3.9,4.5,65,35,Yes,1,3,3,68.2,Yes,Software Development,Placed,IT Services,3.09
STU0839,Male,23,B.Tech CSE,8.41,71.8,63.9,0,4.9,5.7,64,57,Yes,2,1,3,89.5,No,AI/ML,Not Placed,None,0.0
STU0840,Male,21,B.Sc Computer Science,9.21,75.4,93.0,0,9.1,6.3,87,56,No,0,2,2,89.8,Yes,Networking,Placed,Product Company,5.39
STU0841,Female,21,B.Sc Computer Science,7.3,80.0,67.0,0,6.6,7.0,67,74,Yes,2,4,0,94.9,Yes,AI/ML,Not Placed,None,0.0
STU0842,Male,21,B.Tech CSE,8.26,78.6,73.5,0,5.9,9.9,80,69,Yes,4,1,2,75.8,Yes,AI/ML,Placed,Product Company,5.32
STU0843,Female,21,B.Sc Data Science,9.59,88.8,80.1,1,5.0,7.5,65,45,No,0,3,5,85.3,Yes,Networking,Not Placed,None,0.0
STU0844,Male,22,B.Sc Data Science,7.13,51.7,67.5,0,6.1,5.8,91,58,No,0,0,3,88.5,No,Data Analytics,Not Placed,None,0.0
STU0845,Female,23,B.Tech IT,6.35,52.1,53.7,2,4.8,7.4,59,59,No,0,0,1,87.5,Yes,Networking,Not Placed,None,0.0
STU0846,Female,21,B.Sc Computer Science,6.05,71.0,69.3,1,10.0,6.6,59,35,Yes,1,3,4,77.1,No,Data Analytics,Not Placed,None,0.0
STU0847,Female,21,B.Tech CSE,8.26,87.0,85.3,0,7.0,7.6,89,48,No,0,3,2,64.9,Yes,Cyber Security,Placed,FinTech,4.24
STU0848,Male,21,BCA,6.05,60.3,70.3,0,6.9,8.0,62,52,Yes,2,3,2,86.8,No,Networking,Not Placed,None,0.0
STU0849,Male,23,B.Tech IT,7.33,45.9,64.7,0,7.9,8.9,90,89,Yes,2,4,2,82.8,No,Data Analytics,Not Placed,None,0.0
STU0850,Male,22,B.Sc Computer Science,8.02,81.7,84.2,3,8.5,7.1,80,68,No,0,0,3,79.5,No,Cyber Security,Not Placed,None,0.0
STU0851,Female,21,B.Tech IT,7.81,78.4,70.4,0,8.5,9.6,66,76,Yes,6,1,3,90.1,Yes,Software Development,Placed,IT Services,5.53
STU0852,Male,22,BCA,8.01,65.1,68.4,0,8.7,8.5,43,40,No,0,4,3,83.6,Yes,Cloud Computing,Not Placed,None,0.0
STU0853,Female,22,BCA,7.84,66.1,75.6,0,6.0,6.0,68,85,Yes,4,0,4,73.4,Yes,Cloud Computing,Placed,IT Services,4.11
STU0854,Male,22,B.Sc Data Science,8.74,66.3,82.5,0,6.5,10.0,69,87,Yes,2,2,2,68.5,Yes,Software Development,Not Placed,None,0.0
STU0855,Female,23,B.Sc Networking,6.84,77.1,98.0,0,8.2,7.6,84,31,No,0,2,4,75.0,Yes,AI/ML,Placed,Startup,2.4
STU0856,Female,21,B.Tech IT,7.07,69.7,83.1,0,6.2,5.8,90,53,Yes,3,0,2,100.0,No,Cyber Security,Not Placed,None,0.0
STU0857,Female,22,BCA,6.99,80.9,86.8,0,7.0,9.6,58,73,No,0,1,4,89.8,Yes,Software Development,Placed,Startup,2.4
STU0858,Female,21,B.Sc Networking,8.36,47.5,68.4,0,7.6,10.0,79,76,Yes,2,2,3,85.5,No,Software Development,Placed,IT Services,3.7
STU0859,Male,22,B.Sc Networking,8.42,67.4,62.7,0,8.3,7.1,79,53,No,0,3,3,82.5,Yes,Networking,Not Placed,None,0.0
STU0860,Female,22,B.Sc Networking,8.03,64.7,74.7,0,4.2,6.3,83,60,Yes,2,2,3,82.0,No,Cloud Computing,Not Placed,None,0.0
STU0861,Male,22,B.Tech CSE,8.66,73.4,75.2,0,8.1,6.8,75,55,Yes,2,2,3,93.3,Yes,Software Development,Placed,IT Services,3.84
STU0862,Female,22,BCA,6.65,70.6,62.1,0,6.6,8.2,41,67,Yes,3,2,1,80.1,Yes,Software Development,Not Placed,None,0.0
STU0863,Male,21,B.Sc Data Science,9.07,84.0,72.1,0,8.1,9.0,66,85,No,0,1,4,88.6,No,Software Development,Not Placed,None,0.0
STU0864,Female,22,B.Tech IT,8.94,57.4,78.4,0,8.2,8.0,52,52,No,0,0,1,81.2,Yes,AI/ML,Placed,Product Company,4.95
STU0865,Female,24,B.Sc Computer Science,8.28,76.5,78.0,0,9.6,7.3,65,82,No,0,1,1,99.5,No,Data Analytics,Not Placed,None,0.0
STU0866,Male,23,B.Tech IT,9.16,81.6,79.5,0,9.2,9.3,82,52,Yes,3,0,3,89.9,Yes,Data Analytics,Placed,IT Services,5.09
STU0867,Female,20,B.Tech IT,6.24,94.6,77.2,0,9.2,6.6,72,51,Yes,4,1,4,94.0,Yes,Cloud Computing,Not Placed,None,0.0
STU0868,Female,21,B.Tech CSE,7.2,71.2,68.4,0,9.3,8.6,84,79,Yes,3,1,1,79.3,No,AI/ML,Placed,IT Services,5.62
STU0869,Male,21,BCA,7.02,79.2,68.3,0,7.5,6.7,73,81,Yes,3,1,5,92.5,Yes,Cyber Security,Not Placed,None,0.0
STU0870,Male,22,B.Sc Computer Science,8.26,58.0,60.8,1,7.1,7.7,50,79,Yes,3,0,5,81.5,No,Cyber Security,Placed,Startup,4.4
STU0871,Female,22,B.Sc Data Science,6.76,52.1,93.6,1,8.4,6.9,33,43,No,0,2,3,84.9,Yes,Software Development,Not Placed,None,0.0
STU0872,Female,21,B.Sc Data Science,8.29,84.4,74.1,1,8.2,7.0,70,57,No,0,2,3,97.1,No,Software Development,Not Placed,None,0.0
STU0873,Male,21,B.Sc Data Science,8.81,75.9,71.5,0,6.5,6.5,65,79,Yes,2,0,4,75.7,Yes,Software Development,Not Placed,None,0.0
STU0874,Female,22,B.Sc Computer Science,8.24,87.8,63.8,0,7.6,9.1,54,66,Yes,1,4,2,85.6,Yes,Networking,Placed,Startup,4.88
STU0875,Female,22,B.Tech CSE,7.89,62.3,98.0,0,6.9,6.0,44,47,No,0,0,3,87.5,Yes,Data Analytics,Placed,IT Services,2.52
STU0876,Female,22,B.Sc Computer Science,6.81,81.2,62.2,0,5.6,6.0,58,73,Yes,2,3,5,88.2,Yes,AI/ML,Not Placed,None,0.0
STU0877,Male,22,B.Sc Computer Science,6.93,94.7,69.3,0,9.1,10.0,65,53,Yes,3,0,5,80.4,Yes,Cloud Computing,Not Placed,None,0.0
STU0878,Male,21,BCA,8.71,80.2,78.6,0,7.1,8.6,77,96,Yes,2,4,5,100.0,Yes,Cloud Computing,Placed,IT Services,5.13
STU0879,Female,21,B.Tech IT,8.31,78.8,80.6,1,10.0,3.5,71,91,Yes,6,0,2,73.6,Yes,Data Analytics,Not Placed,None,0.0
STU0880,Female,22,BCA,7.62,76.1,84.5,0,4.4,6.3,91,75,No,0,3,2,95.7,Yes,Networking,Not Placed,None,0.0
STU0881,Female,22,B.Sc Computer Science,7.29,60.3,93.9,0,6.1,4.4,54,88,Yes,2,1,2,93.7,Yes,Data Analytics,Not Placed,None,0.0
STU0882,Male,22,B.Tech CSE,5.93,89.6,79.6,0,7.1,5.7,80,66,Yes,2,3,3,99.2,Yes,Data Analytics,Not Placed,None,0.0
STU0883,Female,22,BCA,6.74,69.9,62.4,0,8.8,2.4,69,78,Yes,3,1,2,71.3,Yes,Networking,Placed,Product Company,6.65
STU0884,Female,22,B.Sc Networking,9.27,81.0,71.2,0,7.6,6.9,78,90,No,0,0,2,77.0,Yes,Cyber Security,Not Placed,None,0.0
STU0885,Male,21,B.Sc Networking,6.56,60.4,77.4,1,7.5,5.4,62,69,Yes,2,3,3,95.9,Yes,Software Development,Not Placed,None,0.0
STU0886,Female,21,B.Sc Data Science,7.81,64.2,96.8,0,5.2,7.2,83,61,Yes,2,0,4,69.0,No,Cyber Security,Placed,Consulting,3.11
STU0887,Male,20,B.Tech IT,8.51,90.4,58.6,1,5.1,4.7,72,36,No,0,4,4,71.1,Yes,Cyber Security,Not Placed,None,0.0
STU0888,Female,21,B.Sc Computer Science,6.58,72.5,87.2,0,7.5,7.2,58,64,No,0,0,4,80.1,No,Cyber Security,Not Placed,None,0.0
STU0889,Female,22,B.Tech CSE,7.81,90.5,76.0,1,4.8,6.5,68,79,No,0,1,0,85.5,Yes,Cloud Computing,Not Placed,None,0.0
STU0890,Female,24,B.Tech CSE,8.45,75.2,83.2,0,6.1,9.4,65,81,No,0,2,1,96.7,No,Networking,Not Placed,None,0.0
STU0891,Male,21,B.Sc Computer Science,7.66,57.6,72.9,0,7.8,9.2,75,74,Yes,6,1,4,82.5,Yes,Cloud Computing,Placed,IT Services,3.39
STU0892,Male,21,B.Tech CSE,9.8,84.9,64.7,0,5.4,8.3,51,56,Yes,6,1,3,79.1,Yes,Software Development,Placed,IT Services,5.93
STU0893,Male,22,B.Tech CSE,6.23,70.1,82.3,1,9.6,6.6,68,31,Yes,6,3,3,86.5,No,AI/ML,Placed,Startup,4.28
STU0894,Female,21,B.Tech IT,8.55,83.0,81.2,2,9.0,10.0,74,57,Yes,2,3,1,87.8,No,Software Development,Not Placed,None,0.0
STU0895,Male,22,B.Sc Networking,7.5,76.3,84.7,0,4.5,4.8,68,60,No,0,4,2,87.5,Yes,Cyber Security,Not Placed,None,0.0
STU0896,Female,22,B.Tech CSE,8.31,60.6,73.9,0,5.5,5.0,87,60,No,0,1,3,82.6,Yes,Networking,Placed,FinTech,6.65
STU0897,Female,22,B.Tech IT,8.03,77.6,67.4,2,3.3,7.0,79,76,No,0,2,4,68.4,Yes,Software Development,Placed,Product Company,5.5
STU0898,Male,21,BCA,7.03,98.0,56.9,0,5.7,10.0,68,99,Yes,1,1,5,76.7,Yes,AI/ML,Placed,IT Services,4.12
STU0899,Female,21,B.Sc Computer Science,7.84,80.9,83.0,0,8.2,6.8,71,67,No,0,1,3,95.4,No,Software Development,Placed,Product Company,5.2
STU0900,Female,22,B.Sc Networking,6.07,75.4,78.7,0,6.3,6.8,72,61,No,0,3,3,85.5,Yes,Cyber Security,Not Placed,None,0.0
STU0901,Female,22,B.Sc Networking,8.16,86.8,63.4,0,7.7,4.9,74,61,Yes,4,1,4,81.4,Yes,Networking,Not Placed,None,0.0
STU0902,Female,20,B.Tech CSE,7.9,78.1,68.1,1,4.6,8.5,42,67,No,0,1,3,92.9,Yes,AI/ML,Not Placed,None,0.0
STU0903,Female,22,B.Sc Networking,8.19,78.1,68.9,1,8.3,8.5,64,51,Yes,4,1,3,75.0,Yes,Software Development,Placed,Startup,3.72
STU0904,Male,20,B.Sc Computer Science,8.55,65.1,57.7,0,6.1,8.3,47,67,Yes,3,2,4,82.2,Yes,Data Analytics,Not Placed,None,0.0
STU0905,Female,22,B.Tech IT,7.96,78.3,65.0,0,7.0,6.2,86,73,No,0,4,4,85.1,No,Cloud Computing,Placed,Product Company,4.14
STU0906,Male,21,B.Sc Networking,7.78,86.4,61.5,1,6.9,6.0,67,69,No,0,2,4,80.5,Yes,Software Development,Not Placed,None,0.0
STU0907,Male,23,B.Sc Data Science,6.9,67.6,69.5,0,5.0,5.2,65,73,Yes,1,1,2,84.8,No,AI/ML,Not Placed,None,0.0
STU0908,Female,21,BCA,7.04,90.2,65.9,1,5.2,7.2,81,72,Yes,3,3,3,82.5,Yes,Cyber Security,Not Placed,None,0.0
STU0909,Female,21,BCA,8.66,75.1,56.1,0,8.5,5.5,74,35,No,0,2,4,72.8,Yes,Cloud Computing,Placed,IT Services,4.16
STU0910,Female,21,BCA,8.87,67.1,96.2,0,7.6,5.3,52,76,No,0,0,1,85.5,Yes,Networking,Not Placed,None,0.0
STU0911,Male,21,BCA,7.45,86.0,87.8,2,8.7,6.5,67,54,No,0,0,4,73.4,Yes,Software Development,Not Placed,None,0.0
STU0912,Female,22,B.Sc Networking,7.69,73.1,65.4,0,7.5,6.4,63,46,Yes,6,0,2,85.3,No,Cloud Computing,Not Placed,None,0.0
STU0913,Male,24,B.Tech CSE,6.88,83.6,77.0,0,7.2,6.3,44,46,Yes,2,1,4,95.0,Yes,Data Analytics,Placed,Startup,3.39
STU0914,Female,21,B.Sc Data Science,8.65,73.1,78.6,0,4.2,7.8,58,72,Yes,2,3,3,81.8,Yes,Networking,Placed,Product Company,4.76
STU0915,Male,21,BCA,8.22,75.4,87.1,0,6.6,7.2,65,61,Yes,3,1,2,74.6,Yes,Software Development,Placed,FinTech,4.2
STU0916,Female,22,B.Tech CSE,9.3,80.9,65.0,0,7.0,6.7,66,36,Yes,3,1,3,83.0,Yes,Data Analytics,Placed,Product Company,5.99
STU0917,Female,23,B.Tech CSE,6.9,78.9,86.0,3,10.0,7.4,47,73,Yes,3,4,3,77.3,No,Software Development,Not Placed,None,0.0
STU0918,Male,22,B.Tech CSE,7.33,56.0,68.0,1,8.1,5.6,84,41,Yes,4,3,3,88.8,Yes,Data Analytics,Not Placed,None,0.0
STU0919,Male,21,B.Sc Computer Science,7.85,64.8,59.3,0,9.5,7.3,67,67,Yes,3,2,3,82.8,No,AI/ML,Placed,Startup,4.61
STU0920,Female,21,BCA,8.2,85.3,82.0,0,8.0,7.3,69,69,No,0,1,4,97.7,Yes,Cloud Computing,Placed,IT Services,4.73
STU0921,Male,22,BCA,7.47,74.7,88.2,0,5.9,4.8,74,80,Yes,3,0,3,93.3,Yes,Data Analytics,Not Placed,None,0.0
STU0922,Male,20,B.Tech CSE,6.91,70.8,98.0,0,7.2,8.6,57,95,Yes,1,0,3,82.8,Yes,Networking,Not Placed,None,0.0
STU0923,Male,22,B.Tech CSE,8.4,62.4,60.8,0,7.4,5.8,74,42,Yes,3,0,1,89.7,No,Software Development,Not Placed,None,0.0
STU0924,Male,21,BCA,8.26,65.2,81.7,1,5.5,7.2,63,64,Yes,4,1,5,80.9,No,Cloud Computing,Not Placed,None,0.0
STU0925,Female,22,B.Sc Computer Science,6.87,55.8,69.5,0,6.4,8.8,55,60,Yes,1,2,2,84.3,Yes,Cloud Computing,Placed,FinTech,4.62
STU0926,Female,21,B.Sc Data Science,8.8,75.0,82.6,1,6.7,8.5,76,72,No,0,0,3,81.1,Yes,Networking,Not Placed,None,0.0
STU0927,Female,22,B.Tech CSE,8.64,70.0,57.8,0,9.6,7.2,89,69,No,0,0,4,90.1,Yes,Software Development,Placed,Startup,5.62
STU0928,Male,21,B.Sc Data Science,7.76,66.3,60.1,0,3.7,6.6,78,59,Yes,2,0,2,95.5,Yes,AI/ML,Not Placed,None,0.0
STU0929,Male,22,B.Tech CSE,7.72,75.3,65.5,0,8.9,8.5,81,58,Yes,3,2,3,90.4,Yes,Data Analytics,Placed,IT Services,4.08
STU0930,Female,20,B.Sc Computer Science,8.12,79.6,74.9,0,5.5,8.1,61,46,No,0,2,2,91.4,Yes,AI/ML,Placed,IT Services,3.02
STU0931,Female,22,B.Tech IT,6.92,96.9,66.9,0,4.8,6.2,46,82,No,0,2,4,91.4,Yes,Software Development,Not Placed,None,0.0
STU0932,Male,22,B.Tech CSE,7.68,60.9,81.2,2,8.9,5.9,89,73,Yes,1,1,3,88.4,Yes,Networking,Placed,Consulting,5.96
STU0933,Male,22,B.Sc Networking,5.82,87.6,85.3,0,8.2,4.0,97,81,Yes,4,1,4,74.9,Yes,Networking,Not Placed,None,0.0
STU0934,Male,22,B.Tech IT,8.39,85.7,80.6,2,9.0,7.3,90,60,No,0,0,4,97.6,No,Networking,Placed,Startup,3.99
STU0935,Female,22,B.Tech CSE,6.32,68.2,91.8,0,8.3,7.0,63,54,No,0,1,3,98.4,Yes,Networking,Not Placed,None,0.0
STU0936,Female,22,B.Sc Networking,8.93,78.0,78.6,3,10.0,8.8,52,47,No,0,4,4,82.1,No,Data Analytics,Not Placed,None,0.0
STU0937,Female,21,B.Tech CSE,7.37,71.4,60.6,0,7.9,7.6,53,71,No,0,5,3,81.0,Yes,Software Development,Placed,IT Services,2.4
STU0938,Male,22,B.Tech IT,7.47,77.9,89.0,2,6.7,9.1,44,47,No,0,2,2,88.9,Yes,Software Development,Not Placed,None,0.0
STU0939,Female,21,B.Sc Data Science,7.12,91.1,67.3,0,7.5,6.1,66,96,Yes,2,4,3,88.4,Yes,Cloud Computing,Placed,Startup,2.93
STU0940,Male,20,B.Sc Networking,7.41,82.1,84.0,1,9.0,8.8,90,43,Yes,1,2,4,82.4,Yes,Cloud Computing,Not Placed,None,0.0
STU0941,Female,20,BCA,8.86,81.1,91.3,2,5.8,6.3,66,70,No,0,0,3,74.0,Yes,Networking,Not Placed,None,0.0
STU0942,Male,21,B.Tech IT,5.54,71.7,79.0,0,6.0,8.3,72,92,No,0,5,2,86.4,Yes,Cloud Computing,Not Placed,None,0.0
STU0943,Male,22,BCA,8.74,61.2,57.5,0,6.5,4.9,87,75,No,0,0,2,88.4,No,Cyber Security,Not Placed,None,0.0
STU0944,Male,22,B.Tech CSE,7.94,73.9,63.9,0,3.6,7.5,62,68,Yes,6,2,3,89.8,Yes,Cloud Computing,Placed,Product Company,5.09
STU0945,Female,22,B.Tech CSE,6.62,88.1,88.6,2,7.2,4.1,96,49,Yes,4,1,1,86.8,No,Data Analytics,Not Placed,None,0.0
STU0946,Female,21,B.Sc Networking,6.74,60.7,72.1,0,4.0,6.7,96,42,Yes,3,1,3,81.8,Yes,Software Development,Not Placed,None,0.0
STU0947,Female,21,B.Tech IT,9.07,65.4,74.9,0,7.1,7.8,66,78,Yes,3,2,3,92.0,Yes,Cloud Computing,Placed,IT Services,4.64
STU0948,Male,21,B.Tech IT,6.85,77.3,82.3,0,8.4,6.3,60,91,Yes,4,1,3,84.5,Yes,Cyber Security,Not Placed,None,0.0
STU0949,Male,21,B.Sc Computer Science,6.67,66.2,81.7,0,6.2,5.5,78,58,No,0,1,2,80.3,No,Software Development,Not Placed,None,0.0
STU0950,Male,21,B.Sc Data Science,8.62,68.1,77.1,1,9.7,8.4,63,46,Yes,3,1,3,82.6,Yes,Networking,Placed,Startup,6.53
STU0951,Male,21,B.Tech CSE,7.94,71.8,71.7,0,4.7,6.9,52,23,No,0,1,4,70.0,No,AI/ML,Not Placed,None,0.0
STU0952,Male,21,B.Tech CSE,6.85,62.3,70.6,0,8.9,6.4,86,48,No,0,4,5,82.5,Yes,Cloud Computing,Not Placed,None,0.0
STU0953,Female,22,B.Tech CSE,7.83,66.3,83.4,2,8.1,7.2,85,63,Yes,3,3,3,89.5,No,Networking,Placed,FinTech,4.65
STU0954,Male,22,B.Sc Computer Science,6.78,83.0,80.1,0,4.3,10.0,70,92,Yes,2,1,1,86.7,Yes,Data Analytics,Not Placed,None,0.0
STU0955,Female,24,B.Sc Data Science,8.59,62.9,71.2,0,10.0,8.8,50,76,No,0,0,5,96.2,Yes,Data Analytics,Not Placed,None,0.0
STU0956,Female,23,B.Tech CSE,8.55,60.0,85.9,0,6.9,8.8,51,70,No,0,3,3,81.9,Yes,Networking,Not Placed,None,0.0
STU0957,Male,22,B.Tech CSE,8.1,69.7,72.6,0,5.6,7.8,70,58,No,0,0,2,87.9,Yes,Cloud Computing,Placed,Startup,2.77
STU0958,Female,21,B.Tech CSE,7.96,83.3,64.6,0,4.7,7.3,61,55,No,0,1,1,90.3,Yes,Cyber Security,Not Placed,None,0.0
STU0959,Female,22,BCA,9.15,74.0,65.7,1,6.6,3.5,63,89,No,0,1,1,100.0,Yes,Networking,Not Placed,None,0.0
STU0960,Male,22,B.Tech CSE,7.65,71.4,63.2,0,6.8,6.1,82,68,No,0,4,2,85.2,Yes,Networking,Placed,Consulting,3.35
STU0961,Female,21,BCA,6.65,76.4,71.0,0,7.2,6.4,78,29,No,0,0,1,75.6,Yes,Software Development,Placed,Product Company,4.36
STU0962,Male,21,B.Sc Computer Science,8.03,58.5,87.6,0,6.5,4.3,87,54,No,0,0,4,90.8,Yes,AI/ML,Not Placed,None,0.0
STU0963,Female,22,B.Sc Computer Science,9.42,80.9,65.1,0,8.0,5.4,54,50,No,0,2,3,98.9,Yes,Cloud Computing,Placed,IT Services,4.6
STU0964,Female,21,B.Sc Data Science,6.79,79.8,76.1,1,6.4,4.1,63,56,Yes,4,1,3,81.4,Yes,Cyber Security,Not Placed,None,0.0
STU0965,Female,22,B.Tech CSE,7.34,71.9,66.8,0,3.9,7.0,79,75,No,0,2,4,90.7,No,Software Development,Not Placed,None,0.0
STU0966,Female,22,B.Tech CSE,8.0,86.1,71.1,0,6.8,8.3,74,63,Yes,2,1,4,93.8,No,Software Development,Placed,IT Services,3.97
STU0967,Male,21,B.Tech CSE,7.6,64.7,57.4,0,3.2,8.8,89,64,No,0,1,4,92.1,Yes,Data Analytics,Not Placed,None,0.0
STU0968,Female,21,B.Tech IT,6.82,87.3,71.6,0,7.6,7.7,74,87,Yes,3,0,5,85.0,No,AI/ML,Not Placed,None,0.0
STU0969,Male,21,B.Sc Data Science,8.6,77.5,71.9,0,5.4,5.7,94,53,Yes,2,0,3,78.4,Yes,Networking,Not Placed,None,0.0
STU0970,Female,20,B.Sc Computer Science,9.62,72.6,79.9,0,7.3,4.2,76,97,Yes,4,3,5,83.3,Yes,Cloud Computing,Placed,IT Services,5.84
STU0971,Male,20,B.Sc Computer Science,7.82,75.8,76.5,0,9.1,4.5,83,54,Yes,3,4,4,87.7,Yes,AI/ML,Not Placed,None,0.0
STU0972,Male,22,B.Sc Networking,6.88,74.9,60.8,1,5.5,5.2,63,67,Yes,6,1,1,91.3,No,Data Analytics,Not Placed,None,0.0
STU0973,Male,21,B.Tech CSE,6.33,88.2,85.9,0,8.7,5.8,68,60,No,0,0,3,86.7,Yes,Software Development,Not Placed,None,0.0
STU0974,Female,21,B.Tech CSE,7.87,65.2,76.3,1,6.3,6.9,81,67,Yes,3,0,3,81.0,No,Software Development,Not Placed,None,0.0
STU0975,Female,21,B.Sc Computer Science,8.59,68.4,76.2,1,9.8,5.6,91,73,Yes,3,2,4,88.4,No,Data Analytics,Placed,Startup,6.05
STU0976,Female,23,B.Sc Networking,8.05,86.4,73.9,0,6.4,7.6,78,72,Yes,2,2,2,90.9,Yes,Cyber Security,Placed,IT Services,4.6
STU0977,Male,21,B.Tech CSE,7.65,70.0,68.3,0,5.7,6.8,67,52,No,0,1,3,87.0,Yes,AI/ML,Not Placed,None,0.0
STU0978,Female,21,B.Sc Networking,7.15,85.0,76.4,0,8.1,7.1,87,46,Yes,3,2,0,77.3,Yes,Software Development,Not Placed,None,0.0
STU0979,Male,22,B.Tech CSE,6.72,93.0,79.2,0,6.3,8.8,37,100,Yes,3,2,2,82.5,Yes,Networking,Placed,Product Company,5.27
STU0980,Male,22,B.Sc Data Science,8.36,72.0,54.8,0,5.7,5.3,48,57,Yes,2,4,1,91.6,Yes,Data Analytics,Not Placed,None,0.0
STU0981,Female,21,B.Sc Computer Science,8.43,82.8,68.1,0,6.2,7.7,78,77,No,0,0,3,72.9,Yes,Software Development,Not Placed,None,0.0
STU0982,Male,22,BCA,6.34,64.5,71.2,0,6.9,7.1,68,38,Yes,3,0,4,67.3,Yes,Software Development,Not Placed,None,0.0
STU0983,Female,21,B.Tech CSE,9.0,83.5,76.8,0,9.1,6.6,76,60,Yes,2,0,2,96.1,Yes,Software Development,Placed,Consulting,5.42
STU0984,Female,21,B.Tech CSE,8.14,78.0,87.1,0,3.9,8.4,69,63,Yes,1,3,3,88.1,Yes,Cloud Computing,Placed,IT Services,4.44
STU0985,Male,21,B.Tech IT,8.84,80.7,65.5,0,7.0,8.4,76,73,No,0,3,2,88.9,Yes,Software Development,Placed,IT Services,4.72
STU0986,Male,21,B.Sc Data Science,6.51,69.5,68.5,0,8.0,5.7,57,20,Yes,2,2,1,75.4,Yes,Data Analytics,Not Placed,None,0.0
STU0987,Male,22,B.Sc Networking,6.49,59.4,68.4,0,7.3,6.8,76,68,No,0,0,3,89.9,Yes,Cyber Security,Not Placed,None,0.0
STU0988,Female,21,B.Tech IT,7.52,81.0,65.2,0,9.1,7.5,82,45,Yes,2,1,1,86.2,Yes,Software Development,Not Placed,None,0.0
STU0989,Female,21,B.Tech CSE,8.08,55.4,70.2,0,6.9,6.7,85,71,Yes,3,1,3,71.3,No,Cloud Computing,Not Placed,None,0.0
STU0990,Male,22,B.Tech CSE,9.18,72.8,82.5,0,6.7,8.0,96,47,Yes,3,2,0,95.4,Yes,Software Development,Placed,Startup,6.21
STU0991,Male,22,B.Sc Networking,8.25,85.4,62.4,0,7.9,7.5,71,50,Yes,3,1,1,85.3,Yes,Cyber Security,Placed,Startup,4.72
STU0992,Male,21,B.Tech CSE,7.44,77.9,78.7,0,7.2,9.8,72,60,Yes,4,0,3,80.8,No,Software Development,Not Placed,None,0.0
STU0993,Female,22,B.Tech IT,6.78,95.5,55.3,0,6.4,4.8,47,47,Yes,3,3,3,81.0,Yes,Data Analytics,Placed,Product Company,4.75
STU0994,Male,21,B.Sc Computer Science,8.7,86.3,67.8,1,7.8,6.9,61,57,Yes,3,1,0,67.9,No,Software Development,Placed,Consulting,5.83
STU0995,Female,22,B.Sc Networking,6.83,69.5,70.4,1,6.0,5.7,65,45,No,0,1,3,88.7,Yes,Networking,Not Placed,None,0.0
STU0996,Female,22,B.Tech CSE,9.03,76.3,92.4,0,6.0,8.0,83,34,No,0,0,4,86.1,No,Cyber Security,Not Placed,None,0.0
STU0997,Male,23,B.Sc Networking,7.41,75.5,71.0,0,6.2,4.7,59,82,Yes,3,3,4,82.4,No,Cloud Computing,Not Placed,None,0.0
STU0998,Female,20,BCA,9.0,60.2,49.8,0,9.2,7.6,79,43,No,0,2,1,94.2,Yes,Software Development,Placed,Product Company,7.03
STU0999,Male,20,BCA,8.23,66.6,52.0,1,2.0,6.2,68,62,No,0,4,3,72.9,Yes,Networking,Placed,FinTech,5.55
STU1000,Female,21,B.Tech CSE,7.53,70.4,74.4,0,7.6,6.0,66,78,No,0,2,3,79.2,No,Cloud Computing,Placed,IT Services,2.4
